Date,Scenario,CAE,SKU
9/19/2020,ACTUALS,Wang,8Y1749      
9/28/2020,ACTUALS,Smith,YU3661      
9/28/2020,ACTUALS,Smith,YU3661      
9/28/2020,ACTUALS,Wang,RD1460      
9/28/2020,ACTUALS,Wang,RD1460      
9/28/2020,ACTUALS,Wang,RD1460      
9/28/2020,ACTUALS,Wang,RD1460      
9/28/2020,ACTUALS,Wang,RD1460      
9/28/2020,ACTUALS,Wang,RD1460      
9/28/2020,ACTUALS,Wang,RD1460      
9/28/2020,ACTUALS,Garcia,8K1421      
9/28/2020,ACTUALS,Garcia,YU3661      
9/28/2020,ACTUALS,Garcia,YU3661      
9/28/2020,ACTUALS,Murphy,9X4081      
9/28/2020,ACTUALS,Garcia,RD1460      
9/28/2020,ACTUALS,Murphy,RD1459      
9/28/2020,ACTUALS,Ianova,RD1460      
9/28/2020,ACTUALS,Ianova,RD1460      
9/28/2020,ACTUALS,Murphy,ZH1618      
9/28/2020,ACTUALS,Ianova,4J6216      
9/28/2020,ACTUALS,Ianova,8K1421      
9/28/2020,ACTUALS,Ianova,8K1421      
9/28/2020,ACTUALS,Murphy,YU3661      
9/28/2020,ACTUALS,Murphy,YU3661      
9/28/2020,ACTUALS,Murphy,YU3661      
9/28/2020,ACTUALS,Murphy,YU3661      
9/28/2020,ACTUALS,Wang,RD1460      
9/28/2020,ACTUALS,Smith,RD1459      
9/28/2020,ACTUALS,Smith,RD1459      
9/28/2020,ACTUALS,Smith,RD1459      
9/28/2020,ACTUALS,Ianova,RD1459      
9/28/2020,ACTUALS,Smith,ZH1618      
9/28/2020,ACTUALS,Smith,YU3661      
9/28/2020,ACTUALS,Smith,YU3661      
9/28/2020,ACTUALS,Smith,YU3661      
9/28/2020,ACTUALS,Smith,YU3661      
9/28/2020,ACTUALS,Smith,YU3661      
9/28/2020,ACTUALS,Smith,8X7230      
9/28/2020,ACTUALS,Smith,8K1221      
9/28/2020,ACTUALS,Smith,RP6696      
9/28/2020,ACTUALS,Smith,RP6696      
9/28/2020,ACTUALS,Smith,RP6696      
9/28/2020,ACTUALS,Wang,YZ3602      
9/28/2020,ACTUALS,Wang,2JQ956      
9/28/2020,ACTUALS,Wang,YZ3604      
9/28/2020,ACTUALS,Wang,RD1460      
9/28/2020,ACTUALS,Wang,YU3661      
9/28/2020,ACTUALS,Wang,YU3661      
9/28/2020,ACTUALS,Wang,3F1612      
9/28/2020,ACTUALS,Murphy,RD1460      
9/28/2020,ACTUALS,Murphy,RD1460      
9/28/2020,ACTUALS,Murphy,8X7065      
9/28/2020,ACTUALS,Murphy,YU3661      
9/28/2020,ACTUALS,Murphy,YU3661      
9/28/2020,ACTUALS,Murphy,YU3661      
9/28/2020,ACTUALS,Murphy,YU3661      
9/28/2020,ACTUALS,Murphy,YU3661      
9/28/2020,ACTUALS,Murphy,YU3661      
9/28/2020,ACTUALS,Murphy,YU3661      
9/28/2020,ACTUALS,Garcia,2MG251      
9/28/2020,ACTUALS,Garcia,2MG251      
9/28/2020,ACTUALS,Garcia,2MG251      
9/28/2020,ACTUALS,Garcia,2MG251      
9/28/2020,ACTUALS,Garcia,2MG251      
9/28/2020,ACTUALS,Garcia,2MG251      
9/28/2020,ACTUALS,Garcia,2MG251      
9/28/2020,ACTUALS,Garcia,2MG251      
9/28/2020,ACTUALS,Garcia,2MG251      
9/28/2020,ACTUALS,Garcia,2MG251      
9/28/2020,ACTUALS,Garcia,2MG251      
9/28/2020,ACTUALS,Garcia,2MG251      
9/28/2020,ACTUALS,Garcia,2MG251      
9/28/2020,ACTUALS,Garcia,2MG251      
9/28/2020,ACTUALS,Garcia,2MG251      
9/28/2020,ACTUALS,Garcia,2MG251      
9/28/2020,ACTUALS,Garcia,2MG251      
9/28/2020,ACTUALS,Garcia,2MG251      
9/28/2020,ACTUALS,Garcia,2MG251      
9/28/2020,ACTUALS,Garcia,2MG251      
9/28/2020,ACTUALS,Garcia,2MG251      
9/28/2020,ACTUALS,Garcia,2MG252      
9/28/2020,ACTUALS,Garcia,2MG252      
9/28/2020,ACTUALS,Garcia,2MG252      
9/28/2020,ACTUALS,Garcia,2MG252      
9/28/2020,ACTUALS,Garcia,2MG254      
9/28/2020,ACTUALS,Garcia,2MG254      
9/28/2020,ACTUALS,Garcia,2MG254      
9/28/2020,ACTUALS,Garcia,2MG254      
9/28/2020,ACTUALS,Garcia,2MG254      
9/28/2020,ACTUALS,Garcia,2MG254      
9/28/2020,ACTUALS,Garcia,2MG254      
9/28/2020,ACTUALS,Garcia,2MG254      
9/28/2020,ACTUALS,Garcia,2MG254      
9/28/2020,ACTUALS,Garcia,2MG254      
9/28/2020,ACTUALS,Garcia,2MG254      
9/28/2020,ACTUALS,Garcia,2MG254      
9/28/2020,ACTUALS,Garcia,2MG254      
9/28/2020,ACTUALS,Garcia,2MG254      
9/28/2020,ACTUALS,Garcia,2MG254      
9/28/2020,ACTUALS,Garcia,2MG254      
9/28/2020,ACTUALS,Garcia,2MG254      
9/28/2020,ACTUALS,Garcia,3AU874      
9/28/2020,ACTUALS,Garcia,3AU874      
9/28/2020,ACTUALS,Garcia,3AU874      
9/28/2020,ACTUALS,Garcia,3AU874      
9/28/2020,ACTUALS,Garcia,3AU874      
9/28/2020,ACTUALS,Garcia,3AU874      
9/28/2020,ACTUALS,Garcia,3AU874      
9/28/2020,ACTUALS,Garcia,3AU874      
9/28/2020,ACTUALS,Garcia,3AU874      
9/28/2020,ACTUALS,Garcia,3AU874      
9/28/2020,ACTUALS,Garcia,3AU874      
9/28/2020,ACTUALS,Garcia,3AU874      
9/28/2020,ACTUALS,Garcia,3AU874      
9/28/2020,ACTUALS,Garcia,3AU875      
9/28/2020,ACTUALS,Garcia,3AU875      
9/28/2020,ACTUALS,Garcia,3AU875      
9/28/2020,ACTUALS,Garcia,3AU875      
9/28/2020,ACTUALS,Garcia,3AU875      
9/28/2020,ACTUALS,Garcia,3AU875      
9/28/2020,ACTUALS,Garcia,3AU875      
9/28/2020,ACTUALS,Garcia,3AU875      
9/28/2020,ACTUALS,Garcia,3AU875      
9/28/2020,ACTUALS,Garcia,3AU875      
9/28/2020,ACTUALS,Garcia,3AU875      
9/28/2020,ACTUALS,Garcia,3AU875      
9/28/2020,ACTUALS,Garcia,3AU875      
9/28/2020,ACTUALS,Garcia,3AU875      
9/28/2020,ACTUALS,Garcia,3AU875      
9/28/2020,ACTUALS,Garcia,3AU875      
9/28/2020,ACTUALS,Garcia,3AU875      
9/28/2020,ACTUALS,Garcia,3AU875      
9/28/2020,ACTUALS,Garcia,3AU875      
9/28/2020,ACTUALS,Garcia,3AU875      
9/28/2020,ACTUALS,Garcia,3AU875      
9/28/2020,ACTUALS,Garcia,3AU875      
9/28/2020,ACTUALS,Garcia,3AU875      
9/28/2020,ACTUALS,Garcia,3AU875      
9/28/2020,ACTUALS,Garcia,3AU875      
9/28/2020,ACTUALS,Garcia,3AU875      
9/28/2020,ACTUALS,Garcia,3AU875      
9/28/2020,ACTUALS,Garcia,3AU875      
9/28/2020,ACTUALS,Garcia,3AU875      
9/28/2020,ACTUALS,Garcia,3AU875      
9/28/2020,ACTUALS,Garcia,3AU875      
9/28/2020,ACTUALS,Garcia,3AU875      
9/28/2020,ACTUALS,Garcia,3AU876      
9/28/2020,ACTUALS,Garcia,3AU876      
9/28/2020,ACTUALS,Garcia,3AU876      
9/28/2020,ACTUALS,Garcia,3AU876      
9/28/2020,ACTUALS,Garcia,3AU876      
9/28/2020,ACTUALS,Garcia,3AU876      
9/28/2020,ACTUALS,Garcia,3AU876      
9/28/2020,ACTUALS,Garcia,3AU876      
9/28/2020,ACTUALS,Garcia,3AU876      
9/28/2020,ACTUALS,Garcia,3AU876      
9/28/2020,ACTUALS,Garcia,3AU876      
9/28/2020,ACTUALS,Garcia,3AU876      
9/28/2020,ACTUALS,Garcia,3AU876      
9/28/2020,ACTUALS,Garcia,3AU876      
9/28/2020,ACTUALS,Garcia,3AU876      
9/28/2020,ACTUALS,Garcia,YU3661      
9/28/2020,ACTUALS,Garcia,RD1460      
9/28/2020,ACTUALS,Garcia,RD1462      
9/27/2020,ACTUALS,Wang,2Z4433      
9/27/2020,ACTUALS,Wang,RP6696      
9/27/2020,ACTUALS,Wang,ZH1618      
9/27/2020,ACTUALS,Garcia,ZH1618      
9/27/2020,ACTUALS,Garcia,ZH1618      
9/27/2020,ACTUALS,Wang,ZH1618      
9/27/2020,ACTUALS,Ianova,ZH1618      
9/27/2020,ACTUALS,Ianova,RD1460      
9/27/2020,ACTUALS,Ianova,RD1460      
9/27/2020,ACTUALS,Ianova,RD1460      
9/27/2020,ACTUALS,Murphy,ZH1618      
9/27/2020,ACTUALS,Murphy,ZH1618      
9/27/2020,ACTUALS,Murphy,RD1460      
9/27/2020,ACTUALS,Ianova,ZH1618      
9/27/2020,ACTUALS,Ianova,YZ3604      
9/27/2020,ACTUALS,Ianova,RD1459      
9/27/2020,ACTUALS,Smith,ZH1618      
9/27/2020,ACTUALS,Smith,ZH1618      
9/27/2020,ACTUALS,Ianova,ZH1618      
9/27/2020,ACTUALS,Smith,ZH1618      
9/27/2020,ACTUALS,Smith,ZH1618      
9/27/2020,ACTUALS,Smith,ZH1618      
9/27/2020,ACTUALS,Ianova,UV4978      
9/27/2020,ACTUALS,Smith,ZH1618      
9/27/2020,ACTUALS,Smith,RD1460      
9/27/2020,ACTUALS,Smith,ZH1618      
9/27/2020,ACTUALS,Smith,RD1460      
9/27/2020,ACTUALS,Smith,ZH1618      
9/27/2020,ACTUALS,Smith,ZH1618      
9/27/2020,ACTUALS,Wang,ZH1618      
9/27/2020,ACTUALS,Wang,ZH1618      
9/27/2020,ACTUALS,Wang,ZH1618      
9/27/2020,ACTUALS,Wang,ZH1618      
9/27/2020,ACTUALS,Wang,ZH1618      
9/27/2020,ACTUALS,Wang,ZH1618      
9/27/2020,ACTUALS,Wang,ZH1618      
9/27/2020,ACTUALS,Wang,8Y1747      
9/27/2020,ACTUALS,Wang,ZH1618      
9/27/2020,ACTUALS,Murphy,RD1459      
9/27/2020,ACTUALS,Murphy,ZH1618      
9/27/2020,ACTUALS,Murphy,ZH1618      
9/27/2020,ACTUALS,Murphy,ZH1618      
9/27/2020,ACTUALS,Murphy,UV4978      
9/27/2020,ACTUALS,Murphy,ZH1618      
9/27/2020,ACTUALS,Murphy,RD1460      
9/27/2020,ACTUALS,Murphy,ZH1618      
9/27/2020,ACTUALS,Murphy,ZH1618      
9/27/2020,ACTUALS,Murphy,8H0805      
9/27/2020,ACTUALS,Murphy,RD1460      
9/27/2020,ACTUALS,Murphy,ZH1618      
9/27/2020,ACTUALS,Murphy,TE1606      
9/27/2020,ACTUALS,Murphy,ZH1618      
9/27/2020,ACTUALS,Murphy,ZH1618      
9/27/2020,ACTUALS,Garcia,8Y1750      
9/27/2020,ACTUALS,Garcia,8K1421      
9/27/2020,ACTUALS,Garcia,ZH1618      
9/26/2020,ACTUALS,Garcia,RD1460      
9/26/2020,ACTUALS,Wang,YZ3602      
9/26/2020,ACTUALS,Wang,RD1460      
9/26/2020,ACTUALS,Wang,RD1460      
9/26/2020,ACTUALS,Wang,RD1460      
9/26/2020,ACTUALS,Garcia,ZH1618      
9/26/2020,ACTUALS,Garcia,8J4958      
9/26/2020,ACTUALS,Garcia,8J3465      
9/26/2020,ACTUALS,Garcia,RD1460      
9/26/2020,ACTUALS,Ianova,RD1460      
9/26/2020,ACTUALS,Ianova,RD1460      
9/26/2020,ACTUALS,Ianova,2JP781      
9/26/2020,ACTUALS,Murphy,RD1460      
9/26/2020,ACTUALS,Ianova,RD1460      
9/26/2020,ACTUALS,Garcia,RD1460      
9/26/2020,ACTUALS,Smith,RD1459      
9/26/2020,ACTUALS,Smith,RD1460      
9/26/2020,ACTUALS,Ianova,RD1460      
9/26/2020,ACTUALS,Smith,RD1460      
9/26/2020,ACTUALS,Smith,RD1461      
9/26/2020,ACTUALS,Smith,RD1462      
9/26/2020,ACTUALS,Smith,RD1462      
9/26/2020,ACTUALS,Ianova,9X4081      
9/26/2020,ACTUALS,Smith,3N1603      
9/26/2020,ACTUALS,Smith,3N1608      
9/26/2020,ACTUALS,Smith,3N1609      
9/26/2020,ACTUALS,Smith,3N1610      
9/26/2020,ACTUALS,Smith,3N1612      
9/26/2020,ACTUALS,Smith,3N1613      
9/26/2020,ACTUALS,Smith,3N1614      
9/26/2020,ACTUALS,Smith,3N1620      
9/26/2020,ACTUALS,Smith,3N1622      
9/26/2020,ACTUALS,Wang,RD1460      
9/26/2020,ACTUALS,Wang,RD1460      
9/26/2020,ACTUALS,Murphy,ZH1618      
9/26/2020,ACTUALS,Murphy,7M6081      
9/26/2020,ACTUALS,Murphy,7M6081      
9/26/2020,ACTUALS,Murphy,7M6081      
9/26/2020,ACTUALS,Murphy,RD1460      
9/26/2020,ACTUALS,Murphy,2GH861      
9/26/2020,ACTUALS,Murphy,8Z3518      
9/26/2020,ACTUALS,Murphy,RD1460      
9/26/2020,ACTUALS,Garcia,2JP615      
9/26/2020,ACTUALS,Garcia,2JP615      
9/26/2020,ACTUALS,Garcia,8K1421      
9/26/2020,ACTUALS,Garcia,8X7230      
9/26/2020,ACTUALS,Garcia,YZ3602      
9/26/2020,ACTUALS,Garcia,8K1421      
9/26/2020,ACTUALS,Garcia,8K1421      
9/25/2020,ACTUALS,Smith,ZH1618      
9/25/2020,ACTUALS,Wang,ZH1618      
9/25/2020,ACTUALS,Wang,ZH1618      
9/25/2020,ACTUALS,Wang,RD1460      
9/25/2020,ACTUALS,Wang,ZH1618      
9/25/2020,ACTUALS,Wang,ZH1618      
9/25/2020,ACTUALS,Wang,ZH1618      
9/25/2020,ACTUALS,Wang,ZH1618      
9/25/2020,ACTUALS,Wang,ZH1618      
9/25/2020,ACTUALS,Wang,RD1460      
9/25/2020,ACTUALS,Garcia,7M6081      
9/25/2020,ACTUALS,Garcia,ZH1618      
9/25/2020,ACTUALS,Garcia,ZH1618      
9/25/2020,ACTUALS,Garcia,ZH1618      
9/25/2020,ACTUALS,Garcia,ZH1618      
9/25/2020,ACTUALS,Ianova,RD1462      
9/25/2020,ACTUALS,Ianova,ZH1618      
9/25/2020,ACTUALS,Murphy,ZH1618      
9/25/2020,ACTUALS,Ianova,ZH1618      
9/25/2020,ACTUALS,Ianova,ZH1618      
9/25/2020,ACTUALS,Murphy,RD1460      
9/25/2020,ACTUALS,Ianova,8K1421      
9/25/2020,ACTUALS,Ianova,RD1460      
9/25/2020,ACTUALS,Ianova,RD1460      
9/25/2020,ACTUALS,Ianova,RD1460      
9/25/2020,ACTUALS,Ianova,RD1460      
9/25/2020,ACTUALS,Ianova,RD1460      
9/25/2020,ACTUALS,Murphy,ZH1618      
9/25/2020,ACTUALS,Murphy,RD1459      
9/25/2020,ACTUALS,Ianova,ZH1618      
9/25/2020,ACTUALS,Murphy,ZH1618      
9/25/2020,ACTUALS,Ianova,ZH1618      
9/25/2020,ACTUALS,Murphy,ZH1618      
9/25/2020,ACTUALS,Smith,RP6696      
9/25/2020,ACTUALS,Smith,ZH1618      
9/25/2020,ACTUALS,Smith,ZH1618      
9/25/2020,ACTUALS,Ianova,ZH1618      
9/25/2020,ACTUALS,Ianova,ZH1618      
9/25/2020,ACTUALS,Smith,ZH1618      
9/25/2020,ACTUALS,Smith,RD1459      
9/25/2020,ACTUALS,Garcia,RD1460      
9/25/2020,ACTUALS,Garcia,ZH1618      
9/25/2020,ACTUALS,Smith,ZH1618      
9/25/2020,ACTUALS,Smith,RD1459      
9/25/2020,ACTUALS,Smith,ZH1618      
9/25/2020,ACTUALS,Smith,ZH1618      
9/25/2020,ACTUALS,Ianova,ZH1618      
9/25/2020,ACTUALS,Ianova,RD1460      
9/25/2020,ACTUALS,Ianova,RD1460      
9/25/2020,ACTUALS,Ianova,RD1460      
9/25/2020,ACTUALS,Ianova,RD1460      
9/25/2020,ACTUALS,Ianova,RD1460      
9/25/2020,ACTUALS,Ianova,RD1460      
9/25/2020,ACTUALS,Ianova,ZH1618      
9/25/2020,ACTUALS,Smith,ZH1618      
9/25/2020,ACTUALS,Smith,ZH1618      
9/25/2020,ACTUALS,Ianova,ZH1618      
9/25/2020,ACTUALS,Ianova,ZH1618      
9/25/2020,ACTUALS,Garcia,ZH1618      
9/25/2020,ACTUALS,Ianova,2JP781      
9/25/2020,ACTUALS,Ianova,RD1459      
9/25/2020,ACTUALS,Ianova,RD1462      
9/25/2020,ACTUALS,Smith,ZH1618      
9/25/2020,ACTUALS,Wang,ZH1618      
9/25/2020,ACTUALS,Wang,ZH1618      
9/25/2020,ACTUALS,Wang,ZH1618      
9/25/2020,ACTUALS,Murphy,ZH1618      
9/25/2020,ACTUALS,Murphy,RD1459      
9/25/2020,ACTUALS,Murphy,ZH1618      
9/25/2020,ACTUALS,Murphy,ZH1618      
9/25/2020,ACTUALS,Murphy,ZH1618      
9/25/2020,ACTUALS,Murphy,RD1459      
9/25/2020,ACTUALS,Murphy,RD1459      
9/25/2020,ACTUALS,Murphy,RD1459      
9/25/2020,ACTUALS,Murphy,RD1459      
9/25/2020,ACTUALS,Murphy,RD1459      
9/25/2020,ACTUALS,Murphy,ZH1618      
9/25/2020,ACTUALS,Murphy,8K1421      
9/25/2020,ACTUALS,Murphy,ZH1618      
9/25/2020,ACTUALS,Murphy,ZH1618      
9/25/2020,ACTUALS,Murphy,ZH1618      
9/25/2020,ACTUALS,Murphy,ZH1618      
9/25/2020,ACTUALS,Murphy,ZH1618      
9/25/2020,ACTUALS,Murphy,ZH1618      
9/25/2020,ACTUALS,Murphy,ZH1618      
9/25/2020,ACTUALS,Murphy,ZH1618      
9/25/2020,ACTUALS,Murphy,2GH861      
9/25/2020,ACTUALS,Garcia,RD1459      
9/25/2020,ACTUALS,Garcia,ZH1618      
9/25/2020,ACTUALS,Garcia,ZH1618      
9/25/2020,ACTUALS,Garcia,ZH1618      
9/25/2020,ACTUALS,Garcia,ZH1618      
9/25/2020,ACTUALS,Garcia,8K1421      
9/25/2020,ACTUALS,Garcia,1FA058      
9/24/2020,ACTUALS,Wang,8X7229      
9/24/2020,ACTUALS,Wang,RP6696      
9/24/2020,ACTUALS,Garcia,7M6081      
9/24/2020,ACTUALS,Wang,2JP781      
9/24/2020,ACTUALS,Murphy,RD1459      
9/24/2020,ACTUALS,Ianova,3N1603      
9/24/2020,ACTUALS,Ianova,3N1603      
9/24/2020,ACTUALS,Murphy,8K1421      
9/24/2020,ACTUALS,Garcia,7M4500      
9/21/2020,ACTUALS,Smith,YU3661      
9/21/2020,ACTUALS,Smith,YU3661      
9/21/2020,ACTUALS,Wang,ZH1618      
9/21/2020,ACTUALS,Wang,ZH1618      
9/21/2020,ACTUALS,Wang,YZ3602      
9/21/2020,ACTUALS,Wang,ZH1618      
9/21/2020,ACTUALS,Wang,ZH1618      
9/21/2020,ACTUALS,Wang,ZH1618      
9/21/2020,ACTUALS,Wang,8X7229      
9/21/2020,ACTUALS,Wang,ZH1618      
9/21/2020,ACTUALS,Wang,ZH1618      
9/21/2020,ACTUALS,Wang,RD1460      
9/21/2020,ACTUALS,Wang,RD1460      
9/21/2020,ACTUALS,Wang,RD1460      
9/21/2020,ACTUALS,Wang,RD1460      
9/21/2020,ACTUALS,Wang,RD1460      
9/21/2020,ACTUALS,Wang,RD1460      
9/21/2020,ACTUALS,Wang,RD1460      
9/21/2020,ACTUALS,Wang,RD1460      
9/21/2020,ACTUALS,Wang,RD1460      
9/21/2020,ACTUALS,Wang,RD1460      
9/21/2020,ACTUALS,Wang,RD1460      
9/21/2020,ACTUALS,Wang,RD1460      
9/21/2020,ACTUALS,Wang,RD1460      
9/21/2020,ACTUALS,Wang,RD1460      
9/21/2020,ACTUALS,Wang,RD1460      
9/21/2020,ACTUALS,Wang,RD1460      
9/21/2020,ACTUALS,Wang,3N1608      
9/21/2020,ACTUALS,Wang,9U7528      
9/21/2020,ACTUALS,Garcia,YU3661      
9/21/2020,ACTUALS,Garcia,YU3661      
9/21/2020,ACTUALS,Wang,ZH1618      
9/21/2020,ACTUALS,Garcia,ZH1618      
9/21/2020,ACTUALS,Garcia,ZH1618      
9/21/2020,ACTUALS,Garcia,ZH1618      
9/21/2020,ACTUALS,Garcia,ZH1618      
9/21/2020,ACTUALS,Garcia,ZH1618      
9/21/2020,ACTUALS,Murphy,ZH1618      
9/21/2020,ACTUALS,Ianova,RD1460      
9/21/2020,ACTUALS,Ianova,ZH1618      
9/21/2020,ACTUALS,Ianova,1FB283      
9/21/2020,ACTUALS,Ianova,1FB285      
9/21/2020,ACTUALS,Murphy,RD1460      
9/21/2020,ACTUALS,Ianova,ZH1618      
9/21/2020,ACTUALS,Murphy,YU3661      
9/21/2020,ACTUALS,Ianova,ZH1618      
9/21/2020,ACTUALS,Murphy,YU3661      
9/21/2020,ACTUALS,Murphy,YU3661      
9/21/2020,ACTUALS,Murphy,YU3661      
9/21/2020,ACTUALS,Murphy,YU3661      
9/21/2020,ACTUALS,Smith,RD1459      
9/21/2020,ACTUALS,Smith,RD1459      
9/21/2020,ACTUALS,Smith,RD1460      
9/21/2020,ACTUALS,Smith,ZH1618      
9/21/2020,ACTUALS,Ianova,RD1460      
9/21/2020,ACTUALS,Smith,3N1603      
9/21/2020,ACTUALS,Smith,3N1610      
9/21/2020,ACTUALS,Smith,3N1612      
9/21/2020,ACTUALS,Smith,3N1613      
9/21/2020,ACTUALS,Smith,3N1620      
9/21/2020,ACTUALS,Smith,9U7528      
9/21/2020,ACTUALS,Smith,YU3661      
9/21/2020,ACTUALS,Smith,YU3661      
9/21/2020,ACTUALS,Smith,YU3661      
9/21/2020,ACTUALS,Smith,YU3661      
9/21/2020,ACTUALS,Murphy,ZH1618      
9/21/2020,ACTUALS,Smith,ZH1618      
9/21/2020,ACTUALS,Smith,ZH1618      
9/21/2020,ACTUALS,Smith,ZH1618      
9/21/2020,ACTUALS,Smith,ZH1618      
9/21/2020,ACTUALS,Garcia,8J5628      
9/21/2020,ACTUALS,Garcia,8Y1750      
9/21/2020,ACTUALS,Smith,ZH1618      
9/21/2020,ACTUALS,Smith,ZH1618      
9/21/2020,ACTUALS,Wang,YU3661      
9/21/2020,ACTUALS,Wang,YU3661      
9/21/2020,ACTUALS,Murphy,RD1460      
9/21/2020,ACTUALS,Murphy,RD1460      
9/21/2020,ACTUALS,Murphy,YU3661      
9/21/2020,ACTUALS,Murphy,ZH1618      
9/21/2020,ACTUALS,Murphy,ZH1618      
9/21/2020,ACTUALS,Murphy,ZH1618      
9/21/2020,ACTUALS,Murphy,YU3661      
9/21/2020,ACTUALS,Murphy,YU3661      
9/21/2020,ACTUALS,Murphy,YU3661      
9/21/2020,ACTUALS,Murphy,RD1460      
9/21/2020,ACTUALS,Garcia,3J1811      
9/21/2020,ACTUALS,Garcia,ZH1618      
9/21/2020,ACTUALS,Garcia,ZH1618      
9/21/2020,ACTUALS,Garcia,2MG251      
9/21/2020,ACTUALS,Garcia,2MG251      
9/21/2020,ACTUALS,Garcia,2MG251      
9/21/2020,ACTUALS,Garcia,2MG251      
9/21/2020,ACTUALS,Garcia,2MG251      
9/21/2020,ACTUALS,Garcia,2MG251      
9/21/2020,ACTUALS,Garcia,2MG251      
9/21/2020,ACTUALS,Garcia,2MG251      
9/21/2020,ACTUALS,Garcia,2MG251      
9/21/2020,ACTUALS,Garcia,2MG251      
9/21/2020,ACTUALS,Garcia,2MG251      
9/21/2020,ACTUALS,Garcia,2MG251      
9/21/2020,ACTUALS,Garcia,2MG251      
9/21/2020,ACTUALS,Garcia,2MG251      
9/21/2020,ACTUALS,Garcia,2MG251      
9/21/2020,ACTUALS,Garcia,2MG251      
9/21/2020,ACTUALS,Garcia,2MG251      
9/21/2020,ACTUALS,Garcia,2MG251      
9/21/2020,ACTUALS,Garcia,2MG251      
9/21/2020,ACTUALS,Garcia,2MG252      
9/21/2020,ACTUALS,Garcia,2MG252      
9/21/2020,ACTUALS,Garcia,2MG252      
9/21/2020,ACTUALS,Garcia,2MG254      
9/21/2020,ACTUALS,Garcia,2MG254      
9/21/2020,ACTUALS,Garcia,2MG254      
9/21/2020,ACTUALS,Garcia,2MG254      
9/21/2020,ACTUALS,Garcia,3AU874      
9/21/2020,ACTUALS,Garcia,3AU874      
9/21/2020,ACTUALS,Garcia,3AU874      
9/21/2020,ACTUALS,Garcia,3AU875      
9/21/2020,ACTUALS,Garcia,3AU875      
9/21/2020,ACTUALS,Garcia,3AU875      
9/21/2020,ACTUALS,Garcia,3AU875      
9/21/2020,ACTUALS,Garcia,3AU875      
9/21/2020,ACTUALS,Garcia,3AU875      
9/21/2020,ACTUALS,Garcia,3AU875      
9/21/2020,ACTUALS,Garcia,3AU875      
9/21/2020,ACTUALS,Garcia,3AU875      
9/21/2020,ACTUALS,Garcia,3AU875      
9/21/2020,ACTUALS,Garcia,3AU875      
9/21/2020,ACTUALS,Garcia,3AU875      
9/21/2020,ACTUALS,Garcia,3AU875      
9/21/2020,ACTUALS,Garcia,3AU875      
9/21/2020,ACTUALS,Garcia,3AU875      
9/21/2020,ACTUALS,Garcia,3AU875      
9/21/2020,ACTUALS,Garcia,3AU875      
9/21/2020,ACTUALS,Garcia,3AU875      
9/21/2020,ACTUALS,Garcia,3AU875      
9/21/2020,ACTUALS,Garcia,3AU875      
9/21/2020,ACTUALS,Garcia,3AU875      
9/21/2020,ACTUALS,Garcia,3AU875      
9/21/2020,ACTUALS,Garcia,3AU875      
9/21/2020,ACTUALS,Garcia,3AU875      
9/21/2020,ACTUALS,Garcia,3AU875      
9/21/2020,ACTUALS,Garcia,3AU875      
9/21/2020,ACTUALS,Garcia,3AU875      
9/21/2020,ACTUALS,Garcia,3AU875      
9/21/2020,ACTUALS,Garcia,3AU875      
9/21/2020,ACTUALS,Garcia,3AU875      
9/21/2020,ACTUALS,Garcia,3AU875      
9/21/2020,ACTUALS,Garcia,3AU875      
9/21/2020,ACTUALS,Garcia,3AU875      
9/21/2020,ACTUALS,Garcia,3AU875      
9/21/2020,ACTUALS,Garcia,3AU876      
9/21/2020,ACTUALS,Garcia,3AU876      
9/21/2020,ACTUALS,Garcia,3AU876      
9/21/2020,ACTUALS,Garcia,3AU876      
9/21/2020,ACTUALS,Garcia,3AU876      
9/21/2020,ACTUALS,Garcia,3AU876      
9/21/2020,ACTUALS,Garcia,3AU876      
9/21/2020,ACTUALS,Garcia,3AU876      
9/21/2020,ACTUALS,Garcia,3AU876      
9/21/2020,ACTUALS,Garcia,3AU876      
9/21/2020,ACTUALS,Garcia,3AU876      
9/21/2020,ACTUALS,Garcia,3AU876      
9/21/2020,ACTUALS,Garcia,3AU876      
9/21/2020,ACTUALS,Garcia,3AU876      
9/21/2020,ACTUALS,Garcia,3AU876      
9/21/2020,ACTUALS,Garcia,3AU876      
9/21/2020,ACTUALS,Garcia,3AU876      
9/21/2020,ACTUALS,Garcia,3AU876      
9/21/2020,ACTUALS,Garcia,3AU876      
9/21/2020,ACTUALS,Garcia,3AU876      
9/21/2020,ACTUALS,Garcia,3AU876      
9/21/2020,ACTUALS,Garcia,3AU876      
9/21/2020,ACTUALS,Garcia,3AU876      
9/21/2020,ACTUALS,Garcia,3AU876      
9/21/2020,ACTUALS,Garcia,3AU876      
9/21/2020,ACTUALS,Garcia,3AU876      
9/21/2020,ACTUALS,Garcia,3AU876      
9/21/2020,ACTUALS,Garcia,3AU876      
9/21/2020,ACTUALS,Garcia,3AU876      
9/21/2020,ACTUALS,Garcia,3AU876      
9/21/2020,ACTUALS,Garcia,3AU876      
9/21/2020,ACTUALS,Garcia,3AU876      
9/21/2020,ACTUALS,Garcia,3AU876      
9/21/2020,ACTUALS,Garcia,3AU876      
9/21/2020,ACTUALS,Garcia,3AU876      
9/21/2020,ACTUALS,Garcia,3AU876      
9/21/2020,ACTUALS,Garcia,3AU876      
9/21/2020,ACTUALS,Garcia,3AU876      
9/21/2020,ACTUALS,Garcia,3AU876      
9/21/2020,ACTUALS,Garcia,3AU876      
9/21/2020,ACTUALS,Garcia,3AU876      
9/21/2020,ACTUALS,Garcia,3AU876      
9/21/2020,ACTUALS,Garcia,3AU876      
9/21/2020,ACTUALS,Garcia,3AU876      
9/21/2020,ACTUALS,Garcia,3AU876      
9/21/2020,ACTUALS,Garcia,3AU876      
9/21/2020,ACTUALS,Garcia,3AU876      
9/21/2020,ACTUALS,Garcia,3AU876      
9/21/2020,ACTUALS,Garcia,ZH1618      
9/21/2020,ACTUALS,Garcia,ZH1618      
9/21/2020,ACTUALS,Garcia,ZH1618      
9/21/2020,ACTUALS,Garcia,ZH1618      
9/20/2020,ACTUALS,Garcia,YZ3606      
9/20/2020,ACTUALS,Ianova,2JP781      
9/20/2020,ACTUALS,Ianova,RD1460      
9/20/2020,ACTUALS,Ianova,8K1421      
9/20/2020,ACTUALS,Ianova,2JQ927      
9/20/2020,ACTUALS,Ianova,9X4397      
9/20/2020,ACTUALS,Ianova,YZ3601      
9/20/2020,ACTUALS,Smith,RD1459      
9/20/2020,ACTUALS,Ianova,3N1603      
9/20/2020,ACTUALS,Murphy,1DC301      
9/20/2020,ACTUALS,Murphy,PZ7062      
9/20/2020,ACTUALS,Murphy,PZ7062      
9/20/2020,ACTUALS,Murphy,PZ7062      
9/20/2020,ACTUALS,Garcia,7M3902      
9/20/2020,ACTUALS,Garcia,8K1421      
9/20/2020,ACTUALS,Garcia,8H0801      
9/20/2020,ACTUALS,Garcia,3E5485      
9/19/2020,ACTUALS,Wang,8X7229      
9/19/2020,ACTUALS,Wang,RD1460      
9/19/2020,ACTUALS,Murphy,2Y9032      
9/19/2020,ACTUALS,Murphy,7M3882      
9/19/2020,ACTUALS,Garcia,RD1460      
9/19/2020,ACTUALS,Garcia,YZ3602      
9/19/2020,ACTUALS,Garcia,RD1462      
9/19/2020,ACTUALS,Ianova,7M6167      
9/19/2020,ACTUALS,Smith,RD1459      
9/19/2020,ACTUALS,Murphy,RD1459      
9/19/2020,ACTUALS,Murphy,RD1459      
9/19/2020,ACTUALS,Murphy,8K1421      
9/19/2020,ACTUALS,Garcia,RD1460      
9/18/2020,ACTUALS,Wang,2JP781      
9/18/2020,ACTUALS,Wang,RD1460      
9/18/2020,ACTUALS,Garcia,RD1460      
9/18/2020,ACTUALS,Wang,TE1606      
9/18/2020,ACTUALS,Murphy,YU3661      
9/18/2020,ACTUALS,Wang,RD1460      
9/18/2020,ACTUALS,Smith,3N1615      
9/18/2020,ACTUALS,Smith,9U7528      
9/18/2020,ACTUALS,Ianova,UV4978      
9/18/2020,ACTUALS,Smith,RD1460      
9/18/2020,ACTUALS,Smith,RD1460      
9/18/2020,ACTUALS,Wang,4J6216      
9/18/2020,ACTUALS,Murphy,RD1460      
9/18/2020,ACTUALS,Murphy,RD1460      
9/17/2020,ACTUALS,Wang,8K1421      
9/17/2020,ACTUALS,Wang,1FB274      
9/17/2020,ACTUALS,Wang,RD1460      
9/17/2020,ACTUALS,Wang,2JP781      
9/17/2020,ACTUALS,Wang,8K1221      
9/17/2020,ACTUALS,Wang,RP6696      
9/17/2020,ACTUALS,Wang,YZ3602      
9/17/2020,ACTUALS,Wang,2Y9032      
9/17/2020,ACTUALS,Wang,7M3882      
9/17/2020,ACTUALS,Wang,4J2215      
9/17/2020,ACTUALS,Wang,4J2215      
9/17/2020,ACTUALS,Wang,8X6874      
9/17/2020,ACTUALS,Murphy,YZ3606      
9/17/2020,ACTUALS,Garcia,RP6696      
9/17/2020,ACTUALS,Ianova,2JP221      
9/17/2020,ACTUALS,Ianova,RD1460      
9/17/2020,ACTUALS,Ianova,RD1460      
9/17/2020,ACTUALS,Ianova,8K1421      
9/17/2020,ACTUALS,Ianova,RD1460      
9/17/2020,ACTUALS,Ianova,RD1460      
9/17/2020,ACTUALS,Ianova,RD1460      
9/17/2020,ACTUALS,Ianova,RD1460      
9/17/2020,ACTUALS,Ianova,RD1460      
9/17/2020,ACTUALS,Ianova,RD1460      
9/17/2020,ACTUALS,Ianova,RD1460      
9/17/2020,ACTUALS,Ianova,RD1459      
9/17/2020,ACTUALS,Murphy,YU3661      
9/17/2020,ACTUALS,Murphy,RD1460      
9/17/2020,ACTUALS,Ianova,7M6082      
9/17/2020,ACTUALS,Murphy,YU3661      
9/17/2020,ACTUALS,Smith,RD1459      
9/17/2020,ACTUALS,Smith,RD1459      
9/17/2020,ACTUALS,Ianova,RD1460      
9/17/2020,ACTUALS,Smith,YZ3602      
9/17/2020,ACTUALS,Murphy,RD1459      
9/17/2020,ACTUALS,Murphy,8H0805      
9/17/2020,ACTUALS,Murphy,8H0806      
9/17/2020,ACTUALS,Murphy,3E6095      
9/17/2020,ACTUALS,Garcia,RD1459      
9/17/2020,ACTUALS,Garcia,RD1460      
9/17/2020,ACTUALS,Garcia,RD1460      
9/17/2020,ACTUALS,Garcia,8X7229      
9/17/2020,ACTUALS,Garcia,1E8386      
9/14/2020,ACTUALS,Smith,YU3661      
9/14/2020,ACTUALS,Wang,RD1459      
9/14/2020,ACTUALS,Wang,RD1459      
9/14/2020,ACTUALS,Wang,RD1462      
9/14/2020,ACTUALS,Wang,YU3661      
9/14/2020,ACTUALS,Murphy,2Y9032      
9/14/2020,ACTUALS,Murphy,7M3882      
9/14/2020,ACTUALS,Murphy,8K1421      
9/14/2020,ACTUALS,Murphy,9X4081      
9/14/2020,ACTUALS,Garcia,YU3661      
9/14/2020,ACTUALS,Garcia,YU3661      
9/14/2020,ACTUALS,Garcia,YU3661      
9/14/2020,ACTUALS,Garcia,RD1459      
9/14/2020,ACTUALS,Garcia,RD1460      
9/14/2020,ACTUALS,Garcia,RD1460      
9/14/2020,ACTUALS,Garcia,RD1460      
9/14/2020,ACTUALS,Ianova,9J4828      
9/14/2020,ACTUALS,Murphy,RD1459      
9/14/2020,ACTUALS,Ianova,RD1460      
9/14/2020,ACTUALS,Ianova,RD1460      
9/14/2020,ACTUALS,Ianova,RD1460      
9/14/2020,ACTUALS,Murphy,YU3661      
9/14/2020,ACTUALS,Murphy,YU3661      
9/14/2020,ACTUALS,Murphy,YU3661      
9/14/2020,ACTUALS,Ianova,RD1460      
9/14/2020,ACTUALS,Smith,YZ3606      
9/14/2020,ACTUALS,Smith,YU3661      
9/14/2020,ACTUALS,Smith,YU3661      
9/14/2020,ACTUALS,Smith,YU3661      
9/14/2020,ACTUALS,Smith,YU3661      
9/14/2020,ACTUALS,Smith,YU3661      
9/14/2020,ACTUALS,Smith,YU3661      
9/14/2020,ACTUALS,Smith,YU3661      
9/14/2020,ACTUALS,Smith,YU3661      
9/14/2020,ACTUALS,Smith,YU3661      
9/14/2020,ACTUALS,Smith,YU3661      
9/14/2020,ACTUALS,Smith,YU3661      
9/14/2020,ACTUALS,Smith,YU3661      
9/14/2020,ACTUALS,Smith,YU3661      
9/14/2020,ACTUALS,Smith,YU3661      
9/14/2020,ACTUALS,Smith,YU3661      
9/14/2020,ACTUALS,Smith,YU3661      
9/14/2020,ACTUALS,Smith,YU3661      
9/14/2020,ACTUALS,Smith,YU3661      
9/14/2020,ACTUALS,Smith,YU3661      
9/14/2020,ACTUALS,Smith,YU3661      
9/14/2020,ACTUALS,Smith,YU3661      
9/14/2020,ACTUALS,Smith,YU3661      
9/14/2020,ACTUALS,Smith,YU3661      
9/14/2020,ACTUALS,Smith,YU3661      
9/14/2020,ACTUALS,Smith,YU3661      
9/14/2020,ACTUALS,Smith,YU3661      
9/14/2020,ACTUALS,Smith,YU3661      
9/14/2020,ACTUALS,Smith,YU3661      
9/14/2020,ACTUALS,Smith,YU3661      
9/14/2020,ACTUALS,Smith,YU3661      
9/14/2020,ACTUALS,Smith,YU3661      
9/14/2020,ACTUALS,Smith,YU3661      
9/14/2020,ACTUALS,Smith,YU3661      
9/14/2020,ACTUALS,Smith,YU3661      
9/14/2020,ACTUALS,Smith,YZ3605      
9/14/2020,ACTUALS,Smith,YZ3605      
9/14/2020,ACTUALS,Murphy,YU3661      
9/14/2020,ACTUALS,Murphy,YU3661      
9/14/2020,ACTUALS,Murphy,YU3661      
9/14/2020,ACTUALS,Murphy,YU3661      
9/14/2020,ACTUALS,Murphy,YU3661      
9/14/2020,ACTUALS,Murphy,YU3661      
9/14/2020,ACTUALS,Murphy,YU3661      
9/14/2020,ACTUALS,Murphy,YU3661      
9/14/2020,ACTUALS,Garcia,8K1421      
9/14/2020,ACTUALS,Garcia,RD1460      
9/13/2020,ACTUALS,Wang,RD1460      
9/13/2020,ACTUALS,Ianova,RD1462      
9/13/2020,ACTUALS,Smith,RP6696      
9/13/2020,ACTUALS,Murphy,RD1459      
9/13/2020,ACTUALS,Murphy,YZ3605      
9/13/2020,ACTUALS,Garcia,2MG251      
9/13/2020,ACTUALS,Garcia,2MG251      
9/13/2020,ACTUALS,Garcia,2MG251      
9/13/2020,ACTUALS,Garcia,2MG251      
9/13/2020,ACTUALS,Garcia,2MG251      
9/13/2020,ACTUALS,Garcia,2MG251      
9/13/2020,ACTUALS,Garcia,2MG251      
9/13/2020,ACTUALS,Garcia,2MG251      
9/13/2020,ACTUALS,Garcia,2MG251      
9/13/2020,ACTUALS,Garcia,2MG251      
9/13/2020,ACTUALS,Garcia,2MG251      
9/13/2020,ACTUALS,Garcia,2MG251      
9/13/2020,ACTUALS,Garcia,2MG251      
9/13/2020,ACTUALS,Garcia,2MG251      
9/13/2020,ACTUALS,Garcia,2MG251      
9/13/2020,ACTUALS,Garcia,2MG251      
9/13/2020,ACTUALS,Garcia,2MG251      
9/13/2020,ACTUALS,Garcia,2MG251      
9/13/2020,ACTUALS,Garcia,2MG251      
9/13/2020,ACTUALS,Garcia,2MG251      
9/13/2020,ACTUALS,Garcia,2MG251      
9/13/2020,ACTUALS,Garcia,2MG251      
9/13/2020,ACTUALS,Garcia,2MG251      
9/13/2020,ACTUALS,Garcia,2MG251      
9/13/2020,ACTUALS,Garcia,2MG251      
9/13/2020,ACTUALS,Garcia,2MG251      
9/13/2020,ACTUALS,Garcia,2MG251      
9/13/2020,ACTUALS,Garcia,2MG251      
9/13/2020,ACTUALS,Garcia,2MG251      
9/13/2020,ACTUALS,Garcia,2MG251      
9/13/2020,ACTUALS,Garcia,2MG252      
9/13/2020,ACTUALS,Garcia,2MG252      
9/13/2020,ACTUALS,Garcia,2MG252      
9/13/2020,ACTUALS,Garcia,2MG254      
9/13/2020,ACTUALS,Garcia,2MG254      
9/13/2020,ACTUALS,Garcia,2MG254      
9/13/2020,ACTUALS,Garcia,2MG254      
9/13/2020,ACTUALS,Garcia,2MG254      
9/13/2020,ACTUALS,Garcia,2MG256      
9/13/2020,ACTUALS,Garcia,2MG256      
9/13/2020,ACTUALS,Garcia,2MG257      
9/13/2020,ACTUALS,Garcia,2MG257      
9/13/2020,ACTUALS,Garcia,3AU874      
9/13/2020,ACTUALS,Garcia,3AU874      
9/13/2020,ACTUALS,Garcia,3AU874      
9/13/2020,ACTUALS,Garcia,3AU875      
9/13/2020,ACTUALS,Garcia,3AU875      
9/13/2020,ACTUALS,Garcia,3AU875      
9/13/2020,ACTUALS,Garcia,3AU875      
9/13/2020,ACTUALS,Garcia,3AU875      
9/13/2020,ACTUALS,Garcia,3AU875      
9/13/2020,ACTUALS,Garcia,3AU875      
9/13/2020,ACTUALS,Garcia,3AU875      
9/13/2020,ACTUALS,Garcia,3AU875      
9/13/2020,ACTUALS,Garcia,3AU875      
9/13/2020,ACTUALS,Garcia,3AU875      
9/13/2020,ACTUALS,Garcia,3AU875      
9/13/2020,ACTUALS,Garcia,3AU875      
9/13/2020,ACTUALS,Garcia,3AU875      
9/13/2020,ACTUALS,Garcia,3AU875      
9/13/2020,ACTUALS,Garcia,3AU875      
9/13/2020,ACTUALS,Garcia,3AU876      
9/13/2020,ACTUALS,Garcia,3AU876      
9/13/2020,ACTUALS,Garcia,3AU876      
9/13/2020,ACTUALS,Garcia,3AU876      
9/13/2020,ACTUALS,Garcia,3AU876      
9/13/2020,ACTUALS,Garcia,3AU876      
9/13/2020,ACTUALS,Garcia,3AU876      
9/13/2020,ACTUALS,Garcia,3AU876      
9/13/2020,ACTUALS,Garcia,3AU876      
9/13/2020,ACTUALS,Garcia,3AU876      
9/13/2020,ACTUALS,Garcia,3AU876      
9/13/2020,ACTUALS,Garcia,3AU876      
9/13/2020,ACTUALS,Garcia,3AU876      
9/13/2020,ACTUALS,Garcia,3AU876      
9/13/2020,ACTUALS,Garcia,3AU876      
9/13/2020,ACTUALS,Garcia,3AU876      
9/13/2020,ACTUALS,Garcia,3AU876      
9/13/2020,ACTUALS,Garcia,3AU876      
9/12/2020,ACTUALS,Wang,RP6696      
9/12/2020,ACTUALS,Wang,RD1459      
9/12/2020,ACTUALS,Wang,7M3899      
9/12/2020,ACTUALS,Wang,RD1460      
9/12/2020,ACTUALS,Wang,RD1460      
9/12/2020,ACTUALS,Murphy,RD1459      
9/12/2020,ACTUALS,Ianova,RD1460      
9/12/2020,ACTUALS,Ianova,RD1460      
9/12/2020,ACTUALS,Smith,RD1459      
9/12/2020,ACTUALS,Smith,RD1459      
9/12/2020,ACTUALS,Ianova,RD1460      
9/12/2020,ACTUALS,Ianova,RD1460      
9/12/2020,ACTUALS,Smith,RD1459      
9/12/2020,ACTUALS,Smith,RD1459      
9/12/2020,ACTUALS,Smith,RD1459      
9/12/2020,ACTUALS,Smith,RD1459      
9/12/2020,ACTUALS,Smith,YZ3602      
9/12/2020,ACTUALS,Smith,3N1606      
9/12/2020,ACTUALS,Smith,3N1608      
9/12/2020,ACTUALS,Smith,3N1612      
9/12/2020,ACTUALS,Smith,3N1618      
9/12/2020,ACTUALS,Smith,9U7528      
9/12/2020,ACTUALS,Wang,RD1460      
9/12/2020,ACTUALS,Murphy,4E8319      
9/12/2020,ACTUALS,Murphy,YZ3605      
9/12/2020,ACTUALS,Murphy,RD1462      
9/12/2020,ACTUALS,Garcia,2MK547      
9/11/2020,ACTUALS,Wang,ZH1618      
9/11/2020,ACTUALS,Garcia,ZH1618      
9/11/2020,ACTUALS,Garcia,ZH1618      
9/11/2020,ACTUALS,Ianova,RD1460      
9/11/2020,ACTUALS,Ianova,RD1460      
9/11/2020,ACTUALS,Wang,RD1460      
9/11/2020,ACTUALS,Smith,4E8319      
9/11/2020,ACTUALS,Ianova,UV4978      
9/11/2020,ACTUALS,Ianova,RD1459      
9/11/2020,ACTUALS,Murphy,RD1459      
9/11/2020,ACTUALS,Murphy,RD1459      
9/11/2020,ACTUALS,Murphy,8Z3517      
9/11/2020,ACTUALS,Murphy,8Z3518      
9/11/2020,ACTUALS,Garcia,2MG251      
9/11/2020,ACTUALS,Garcia,2MG251      
9/11/2020,ACTUALS,Garcia,3AU875      
9/11/2020,ACTUALS,Garcia,3AU875      
9/11/2020,ACTUALS,Garcia,3AU876      
9/11/2020,ACTUALS,Garcia,3AU876      
9/11/2020,ACTUALS,Garcia,RD1459      
9/11/2020,ACTUALS,Garcia,ZH1618      
9/10/2020,ACTUALS,Murphy,8X7229      
9/10/2020,ACTUALS,Ianova,YZ3604      
9/10/2020,ACTUALS,Smith,3N1602      
9/10/2020,ACTUALS,Smith,3N1606      
9/10/2020,ACTUALS,Smith,3N1609      
9/10/2020,ACTUALS,Smith,3N1610      
9/10/2020,ACTUALS,Smith,3N1612      
9/10/2020,ACTUALS,Smith,3N1613      
9/10/2020,ACTUALS,Smith,3N1614      
9/10/2020,ACTUALS,Smith,3N1620      
9/10/2020,ACTUALS,Smith,9U7528      
9/10/2020,ACTUALS,Murphy,2JP781      
9/10/2020,ACTUALS,Murphy,RD1460      
9/10/2020,ACTUALS,Murphy,RD1460      
9/10/2020,ACTUALS,Murphy,RD1460      
9/10/2020,ACTUALS,Murphy,RD1460      
9/10/2020,ACTUALS,Garcia,8H0792      
9/10/2020,ACTUALS,Garcia,8H0801      
9/7/2020,ACTUALS,Smith,YU3661      
9/7/2020,ACTUALS,Smith,YU3661      
9/7/2020,ACTUALS,Wang,YU3661      
9/7/2020,ACTUALS,Wang,RD1460      
9/7/2020,ACTUALS,Wang,RD1460      
9/7/2020,ACTUALS,Wang,RD1460      
9/7/2020,ACTUALS,Wang,RD1460      
9/7/2020,ACTUALS,Murphy,2Y9032      
9/7/2020,ACTUALS,Murphy,7M3882      
9/7/2020,ACTUALS,Garcia,YU3661      
9/7/2020,ACTUALS,Garcia,9X4081      
9/7/2020,ACTUALS,Garcia,RD1460      
9/7/2020,ACTUALS,Murphy,RD1459      
9/7/2020,ACTUALS,Murphy,RD1459      
9/7/2020,ACTUALS,Murphy,YU3661      
9/7/2020,ACTUALS,Murphy,YU3661      
9/7/2020,ACTUALS,Ianova,YZ3604      
9/7/2020,ACTUALS,Murphy,YU3661      
9/7/2020,ACTUALS,Murphy,YU3661      
9/7/2020,ACTUALS,Wang,RD1460      
9/7/2020,ACTUALS,Smith,RD1459      
9/7/2020,ACTUALS,Garcia,RD1459      
9/7/2020,ACTUALS,Ianova,RD1460      
9/7/2020,ACTUALS,Smith,YU3661      
9/7/2020,ACTUALS,Smith,YU3661      
9/7/2020,ACTUALS,Wang,RD1460      
9/7/2020,ACTUALS,Wang,YU3661      
9/7/2020,ACTUALS,Murphy,RD1459      
9/7/2020,ACTUALS,Murphy,4N2816      
9/7/2020,ACTUALS,Murphy,RD1459      
9/7/2020,ACTUALS,Murphy,1DC301      
9/7/2020,ACTUALS,Murphy,YU3661      
9/7/2020,ACTUALS,Murphy,YU3661      
9/7/2020,ACTUALS,Murphy,YU3661      
9/7/2020,ACTUALS,Murphy,YU3661      
9/7/2020,ACTUALS,Garcia,YU3661      
9/6/2020,ACTUALS,Wang,4X1980      
9/6/2020,ACTUALS,Wang,PZ7062      
9/6/2020,ACTUALS,Wang,PZ7062      
9/6/2020,ACTUALS,Wang,PZ7062      
9/6/2020,ACTUALS,Wang,PZ7062      
9/6/2020,ACTUALS,Wang,PZ7062      
9/6/2020,ACTUALS,Smith,8K1221      
9/6/2020,ACTUALS,Smith,RP6696      
9/6/2020,ACTUALS,Garcia,2MG251      
9/6/2020,ACTUALS,Garcia,2MG251      
9/6/2020,ACTUALS,Garcia,2MG251      
9/6/2020,ACTUALS,Garcia,2MG251      
9/6/2020,ACTUALS,Garcia,2MG251      
9/6/2020,ACTUALS,Garcia,2MG251      
9/6/2020,ACTUALS,Garcia,2MG251      
9/6/2020,ACTUALS,Garcia,2MG251      
9/6/2020,ACTUALS,Garcia,2MG251      
9/6/2020,ACTUALS,Garcia,2MG251      
9/6/2020,ACTUALS,Garcia,2MG251      
9/6/2020,ACTUALS,Garcia,2MG251      
9/6/2020,ACTUALS,Garcia,2MG251      
9/6/2020,ACTUALS,Garcia,2MG251      
9/6/2020,ACTUALS,Garcia,2MG251      
9/6/2020,ACTUALS,Garcia,2MG251      
9/6/2020,ACTUALS,Garcia,2MG251      
9/6/2020,ACTUALS,Garcia,2MG251      
9/6/2020,ACTUALS,Garcia,2MG251      
9/6/2020,ACTUALS,Garcia,2MG251      
9/6/2020,ACTUALS,Garcia,2MG251      
9/6/2020,ACTUALS,Garcia,2MG251      
9/6/2020,ACTUALS,Garcia,2MG251      
9/6/2020,ACTUALS,Garcia,2MG251      
9/6/2020,ACTUALS,Garcia,2MG251      
9/6/2020,ACTUALS,Garcia,2MG251      
9/6/2020,ACTUALS,Garcia,2MG251      
9/6/2020,ACTUALS,Garcia,2MG252      
9/6/2020,ACTUALS,Garcia,2MG252      
9/6/2020,ACTUALS,Garcia,2MG254      
9/6/2020,ACTUALS,Garcia,2MG254      
9/6/2020,ACTUALS,Garcia,2MG254      
9/6/2020,ACTUALS,Garcia,2MG254      
9/6/2020,ACTUALS,Garcia,2MG254      
9/6/2020,ACTUALS,Garcia,2MG254      
9/6/2020,ACTUALS,Garcia,2MG254      
9/6/2020,ACTUALS,Garcia,2MG254      
9/6/2020,ACTUALS,Garcia,2MG254      
9/6/2020,ACTUALS,Garcia,2MG256      
9/6/2020,ACTUALS,Garcia,2MG257      
9/6/2020,ACTUALS,Garcia,3AU874      
9/6/2020,ACTUALS,Garcia,3AU874      
9/6/2020,ACTUALS,Garcia,3AU874      
9/6/2020,ACTUALS,Garcia,3AU874      
9/6/2020,ACTUALS,Garcia,3AU874      
9/6/2020,ACTUALS,Garcia,3AU874      
9/6/2020,ACTUALS,Garcia,3AU874      
9/6/2020,ACTUALS,Garcia,3AU875      
9/6/2020,ACTUALS,Garcia,3AU875      
9/6/2020,ACTUALS,Garcia,3AU875      
9/6/2020,ACTUALS,Garcia,3AU875      
9/6/2020,ACTUALS,Garcia,3AU875      
9/6/2020,ACTUALS,Garcia,3AU875      
9/6/2020,ACTUALS,Garcia,3AU875      
9/6/2020,ACTUALS,Garcia,3AU875      
9/6/2020,ACTUALS,Garcia,3AU875      
9/6/2020,ACTUALS,Garcia,3AU875      
9/6/2020,ACTUALS,Garcia,3AU875      
9/6/2020,ACTUALS,Garcia,3AU875      
9/6/2020,ACTUALS,Garcia,3AU875      
9/6/2020,ACTUALS,Garcia,3AU875      
9/6/2020,ACTUALS,Garcia,3AU875      
9/6/2020,ACTUALS,Garcia,3AU875      
9/6/2020,ACTUALS,Garcia,3AU875      
9/6/2020,ACTUALS,Garcia,3AU875      
9/6/2020,ACTUALS,Garcia,3AU875      
9/6/2020,ACTUALS,Garcia,3AU875      
9/6/2020,ACTUALS,Garcia,3AU875      
9/6/2020,ACTUALS,Garcia,3AU875      
9/6/2020,ACTUALS,Garcia,3AU875      
9/6/2020,ACTUALS,Garcia,3AU875      
9/6/2020,ACTUALS,Garcia,3AU876      
9/6/2020,ACTUALS,Garcia,3AU876      
9/6/2020,ACTUALS,Garcia,3AU876      
9/6/2020,ACTUALS,Garcia,3AU876      
9/6/2020,ACTUALS,Garcia,3AU876      
9/6/2020,ACTUALS,Garcia,3AU876      
9/6/2020,ACTUALS,Garcia,3AU876      
9/6/2020,ACTUALS,Garcia,3AU876      
9/6/2020,ACTUALS,Garcia,3AU876      
9/6/2020,ACTUALS,Garcia,3AU876      
9/6/2020,ACTUALS,Garcia,3AU876      
9/6/2020,ACTUALS,Garcia,3AU876      
9/6/2020,ACTUALS,Garcia,3AU876      
9/6/2020,ACTUALS,Garcia,3AU876      
9/6/2020,ACTUALS,Garcia,3AU876      
9/6/2020,ACTUALS,Garcia,3AU876      
9/6/2020,ACTUALS,Garcia,3AU876      
9/6/2020,ACTUALS,Garcia,3AU876      
9/6/2020,ACTUALS,Garcia,9J4826      
9/5/2020,ACTUALS,Wang,PZ7062      
9/5/2020,ACTUALS,Garcia,RD1460      
9/5/2020,ACTUALS,Garcia,RD1460      
9/5/2020,ACTUALS,Ianova,RD1460      
9/5/2020,ACTUALS,Ianova,RD1460      
9/5/2020,ACTUALS,Smith,RD1459      
9/5/2020,ACTUALS,Smith,RD1459      
9/5/2020,ACTUALS,Smith,RD1460      
9/5/2020,ACTUALS,Smith,RD1460      
9/5/2020,ACTUALS,Murphy,RD1460      
9/5/2020,ACTUALS,Murphy,RD1460      
9/5/2020,ACTUALS,Murphy,RD1460      
9/5/2020,ACTUALS,Garcia,RD1460      
9/5/2020,ACTUALS,Garcia,RD1460      
9/4/2020,ACTUALS,Murphy,4J2211      
9/4/2020,ACTUALS,Murphy,4J2212      
9/4/2020,ACTUALS,Murphy,4J2213      
9/4/2020,ACTUALS,Smith,4W9337      
9/4/2020,ACTUALS,Ianova,RP6696      
9/4/2020,ACTUALS,Smith,RD1460      
9/4/2020,ACTUALS,Murphy,1FD462      
9/4/2020,ACTUALS,Garcia,ZH1618      
9/4/2020,ACTUALS,Garcia,ZH1618      
8/31/2020,ACTUALS,Wang,8K1221      
8/31/2020,ACTUALS,Wang,RD1459      
8/31/2020,ACTUALS,Wang,RD1459      
8/31/2020,ACTUALS,Wang,RD1459      
8/31/2020,ACTUALS,Wang,8K1421      
8/31/2020,ACTUALS,Garcia,RD1460      
8/31/2020,ACTUALS,Garcia,RD1460      
8/31/2020,ACTUALS,Ianova,RD1459      
8/31/2020,ACTUALS,Murphy,RD1460      
8/31/2020,ACTUALS,Murphy,RD1459      
8/31/2020,ACTUALS,Ianova,RD1460      
8/31/2020,ACTUALS,Ianova,RD1460      
8/31/2020,ACTUALS,Ianova,RD1460      
8/31/2020,ACTUALS,Ianova,RD1460      
8/31/2020,ACTUALS,Ianova,RD1460      
8/31/2020,ACTUALS,Smith,2MK553      
8/31/2020,ACTUALS,Smith,RD1459      
8/31/2020,ACTUALS,Smith,RD1459      
8/31/2020,ACTUALS,Ianova,8K1421      
8/31/2020,ACTUALS,Smith,8K1421      
8/31/2020,ACTUALS,Wang,3N1622      
8/31/2020,ACTUALS,Murphy,RD1459      
8/31/2020,ACTUALS,Murphy,RD1459      
8/31/2020,ACTUALS,Murphy,RD1459      
8/31/2020,ACTUALS,Murphy,RD1459      
8/31/2020,ACTUALS,Murphy,8K1221      
8/31/2020,ACTUALS,Garcia,2MG251      
8/31/2020,ACTUALS,Garcia,2MG251      
8/31/2020,ACTUALS,Garcia,2MG251      
8/31/2020,ACTUALS,Garcia,2MG251      
8/31/2020,ACTUALS,Garcia,2MG251      
8/31/2020,ACTUALS,Garcia,2MG251      
8/31/2020,ACTUALS,Garcia,2MG251      
8/31/2020,ACTUALS,Garcia,2MG251      
8/31/2020,ACTUALS,Garcia,2MG251      
8/31/2020,ACTUALS,Garcia,2MG251      
8/31/2020,ACTUALS,Garcia,2MG251      
8/31/2020,ACTUALS,Garcia,2MG251      
8/31/2020,ACTUALS,Garcia,2MG251      
8/31/2020,ACTUALS,Garcia,2MG251      
8/31/2020,ACTUALS,Garcia,2MG251      
8/31/2020,ACTUALS,Garcia,2MG251      
8/31/2020,ACTUALS,Garcia,2MG251      
8/31/2020,ACTUALS,Garcia,2MG251      
8/31/2020,ACTUALS,Garcia,2MG251      
8/31/2020,ACTUALS,Garcia,2MG251      
8/31/2020,ACTUALS,Garcia,2MG251      
8/31/2020,ACTUALS,Garcia,2MG251      
8/31/2020,ACTUALS,Garcia,2MG251      
8/31/2020,ACTUALS,Garcia,2MG251      
8/31/2020,ACTUALS,Garcia,2MG251      
8/31/2020,ACTUALS,Garcia,2MG251      
8/31/2020,ACTUALS,Garcia,2MG251      
8/31/2020,ACTUALS,Garcia,2MG251      
8/31/2020,ACTUALS,Garcia,2MG251      
8/31/2020,ACTUALS,Garcia,2MG251      
8/31/2020,ACTUALS,Garcia,2MG252      
8/31/2020,ACTUALS,Garcia,2MG254      
8/31/2020,ACTUALS,Garcia,2MG254      
8/31/2020,ACTUALS,Garcia,2MG254      
8/31/2020,ACTUALS,Garcia,3AU874      
8/31/2020,ACTUALS,Garcia,3AU874      
8/31/2020,ACTUALS,Garcia,3AU874      
8/31/2020,ACTUALS,Garcia,3AU875      
8/31/2020,ACTUALS,Garcia,3AU875      
8/31/2020,ACTUALS,Garcia,3AU875      
8/31/2020,ACTUALS,Garcia,3AU875      
8/31/2020,ACTUALS,Garcia,3AU875      
8/31/2020,ACTUALS,Garcia,3AU875      
8/31/2020,ACTUALS,Garcia,3AU875      
8/31/2020,ACTUALS,Garcia,3AU876      
8/31/2020,ACTUALS,Garcia,3AU876      
8/31/2020,ACTUALS,Garcia,3AU876      
8/31/2020,ACTUALS,Garcia,3AU876      
8/31/2020,ACTUALS,Garcia,3AU876      
8/31/2020,ACTUALS,Garcia,3AU876      
8/31/2020,ACTUALS,Garcia,3AU876      
8/31/2020,ACTUALS,Garcia,2JQ306      
8/31/2020,ACTUALS,Garcia,2JQ306      
8/31/2020,ACTUALS,Garcia,8K1421      
8/30/2020,ACTUALS,Smith,YU3661      
8/30/2020,ACTUALS,Wang,YU3661      
8/30/2020,ACTUALS,Murphy,2JQ930      
8/30/2020,ACTUALS,Garcia,YU3661      
8/30/2020,ACTUALS,Garcia,YU3661      
8/30/2020,ACTUALS,Murphy,RD1460      
8/30/2020,ACTUALS,Murphy,RD1460      
8/30/2020,ACTUALS,Murphy,YU3661      
8/30/2020,ACTUALS,Murphy,YU3661      
8/30/2020,ACTUALS,Murphy,YU3661      
8/30/2020,ACTUALS,Murphy,YU3661      
8/30/2020,ACTUALS,Murphy,YU3661      
8/30/2020,ACTUALS,Smith,RD1459      
8/30/2020,ACTUALS,Smith,RD1459      
8/30/2020,ACTUALS,Smith,RD1462      
8/30/2020,ACTUALS,Ianova,3N1608      
8/30/2020,ACTUALS,Ianova,8J2548      
8/30/2020,ACTUALS,Ianova,UV4978      
8/30/2020,ACTUALS,Ianova,RD1460      
8/30/2020,ACTUALS,Ianova,RD1460      
8/30/2020,ACTUALS,Ianova,RD1460      
8/30/2020,ACTUALS,Ianova,RD1460      
8/30/2020,ACTUALS,Smith,RD1460      
8/30/2020,ACTUALS,Smith,YU3661      
8/30/2020,ACTUALS,Smith,YU3661      
8/30/2020,ACTUALS,Murphy,YU3661      
8/30/2020,ACTUALS,Murphy,YU3661      
8/30/2020,ACTUALS,Murphy,YU3661      
8/30/2020,ACTUALS,Murphy,YU3661      
8/30/2020,ACTUALS,Murphy,YU3661      
8/30/2020,ACTUALS,Garcia,RD1460      
8/30/2020,ACTUALS,Garcia,RD1460      
8/29/2020,ACTUALS,Wang,YZ3602      
8/29/2020,ACTUALS,Wang,2JP801      
8/29/2020,ACTUALS,Garcia,2JP477      
8/29/2020,ACTUALS,Murphy,RD1459      
8/29/2020,ACTUALS,Murphy,3N1608      
8/29/2020,ACTUALS,Murphy,3N1610      
8/29/2020,ACTUALS,Murphy,3N1613      
8/29/2020,ACTUALS,Murphy,3N1614      
8/29/2020,ACTUALS,Murphy,3N1615      
8/29/2020,ACTUALS,Murphy,3N1620      
8/29/2020,ACTUALS,Murphy,9U7528      
8/29/2020,ACTUALS,Ianova,2JP801      
8/29/2020,ACTUALS,Murphy,YU3661      
8/29/2020,ACTUALS,Smith,RD1459      
8/29/2020,ACTUALS,Smith,RD1459      
8/29/2020,ACTUALS,Smith,RD1459      
8/29/2020,ACTUALS,Smith,RD1459      
8/29/2020,ACTUALS,Smith,RD1459      
8/29/2020,ACTUALS,Smith,RD1459      
8/29/2020,ACTUALS,Smith,RD1459      
8/29/2020,ACTUALS,Smith,RD1459      
8/29/2020,ACTUALS,Smith,RD1459      
8/29/2020,ACTUALS,Smith,RD1459      
8/29/2020,ACTUALS,Smith,RD1459      
8/29/2020,ACTUALS,Smith,4W9337      
8/29/2020,ACTUALS,Ianova,RD1460      
8/29/2020,ACTUALS,Ianova,RD1460      
8/29/2020,ACTUALS,Smith,RD1460      
8/29/2020,ACTUALS,Smith,YZ3605      
8/29/2020,ACTUALS,Smith,8J3337      
8/29/2020,ACTUALS,Smith,VQ2967      
8/29/2020,ACTUALS,Smith,RP6696      
8/29/2020,ACTUALS,Murphy,3P4618      
8/29/2020,ACTUALS,Murphy,7M6081      
8/29/2020,ACTUALS,Murphy,3N1603      
8/29/2020,ACTUALS,Murphy,3N1608      
8/29/2020,ACTUALS,Murphy,3N1609      
8/29/2020,ACTUALS,Murphy,3N1610      
8/29/2020,ACTUALS,Murphy,3N1612      
8/29/2020,ACTUALS,Murphy,3N1614      
8/29/2020,ACTUALS,Murphy,3N1620      
8/29/2020,ACTUALS,Murphy,9U7528      
8/28/2020,ACTUALS,Murphy,8K1421      
8/28/2020,ACTUALS,Garcia,2JP221      
8/28/2020,ACTUALS,Ianova,RD1460      
8/28/2020,ACTUALS,Murphy,RD1461      
8/28/2020,ACTUALS,Murphy,RD1460      
8/28/2020,ACTUALS,Smith,RD1459      
8/28/2020,ACTUALS,Smith,RD1459      
8/28/2020,ACTUALS,Smith,RD1459      
8/28/2020,ACTUALS,Smith,RD1459      
8/28/2020,ACTUALS,Smith,2QA118      
8/28/2020,ACTUALS,Wang,RD1460      
8/28/2020,ACTUALS,Wang,RD1460      
8/27/2020,ACTUALS,Smith,YU3661      
8/27/2020,ACTUALS,Smith,YU3661      
8/27/2020,ACTUALS,Wang,RD1459      
8/27/2020,ACTUALS,Wang,7M3899      
8/27/2020,ACTUALS,Wang,8X7228      
8/27/2020,ACTUALS,Murphy,8K1421      
8/27/2020,ACTUALS,Garcia,YU3661      
8/27/2020,ACTUALS,Garcia,YU3661      
8/27/2020,ACTUALS,Wang,YZ3602      
8/27/2020,ACTUALS,Murphy,RD1459      
8/27/2020,ACTUALS,Murphy,YU3661      
8/27/2020,ACTUALS,Murphy,YU3661      
8/27/2020,ACTUALS,Murphy,YU3661      
8/27/2020,ACTUALS,Murphy,YU3661      
8/27/2020,ACTUALS,Smith,RD1459      
8/27/2020,ACTUALS,Smith,RD1459      
8/27/2020,ACTUALS,Smith,RD1459      
8/27/2020,ACTUALS,Smith,8K1221      
8/27/2020,ACTUALS,Smith,RP6696      
8/27/2020,ACTUALS,Wang,YU3661      
8/27/2020,ACTUALS,Murphy,RD1460      
8/27/2020,ACTUALS,Murphy,RD1460      
8/27/2020,ACTUALS,Murphy,2MK559      
8/27/2020,ACTUALS,Murphy,YU3661      
8/27/2020,ACTUALS,Murphy,YU3661      
8/27/2020,ACTUALS,Garcia,YU3661      
8/27/2020,ACTUALS,Garcia,YU3661      
8/27/2020,ACTUALS,Garcia,YU3661      
8/27/2020,ACTUALS,Garcia,YU3661      
8/27/2020,ACTUALS,Garcia,YU3661      
8/27/2020,ACTUALS,Garcia,8K1421      
8/27/2020,ACTUALS,Garcia,RD1460      
8/24/2020,ACTUALS,Wang,ZH1618      
8/24/2020,ACTUALS,Wang,RD1459      
8/24/2020,ACTUALS,Wang,ZH1618      
8/24/2020,ACTUALS,Wang,TE1606      
8/24/2020,ACTUALS,Wang,RD1459      
8/24/2020,ACTUALS,Wang,ZH1618      
8/24/2020,ACTUALS,Wang,ZH1618      
8/24/2020,ACTUALS,Wang,ZH1618      
8/24/2020,ACTUALS,Wang,ZH1618      
8/24/2020,ACTUALS,Wang,ZH1618      
8/24/2020,ACTUALS,Wang,ZH1618      
8/24/2020,ACTUALS,Garcia,UV4978      
8/24/2020,ACTUALS,Wang,RD1460      
8/24/2020,ACTUALS,Garcia,ZH1618      
8/24/2020,ACTUALS,Wang,ZH1618      
8/24/2020,ACTUALS,Garcia,ZH1618      
8/24/2020,ACTUALS,Garcia,ZH1618      
8/24/2020,ACTUALS,Garcia,ZH1618      
8/24/2020,ACTUALS,Garcia,ZH1618      
8/24/2020,ACTUALS,Garcia,ZH1618      
8/24/2020,ACTUALS,Wang,ZH1618      
8/24/2020,ACTUALS,Garcia,RD1460      
8/24/2020,ACTUALS,Ianova,ZH1618      
8/24/2020,ACTUALS,Murphy,ZH1618      
8/24/2020,ACTUALS,Ianova,RD1460      
8/24/2020,ACTUALS,Ianova,RD1460      
8/24/2020,ACTUALS,Murphy,ZH1618      
8/24/2020,ACTUALS,Ianova,ZH1618      
8/24/2020,ACTUALS,Murphy,ZH1618      
8/24/2020,ACTUALS,Murphy,ZH1618      
8/24/2020,ACTUALS,Murphy,RD1459      
8/24/2020,ACTUALS,Ianova,RD1460      
8/24/2020,ACTUALS,Ianova,RD1460      
8/24/2020,ACTUALS,Ianova,RD1460      
8/24/2020,ACTUALS,Ianova,6F2051      
8/24/2020,ACTUALS,Ianova,ZH1618      
8/24/2020,ACTUALS,Ianova,ZH1618      
8/24/2020,ACTUALS,Murphy,RD1459      
8/24/2020,ACTUALS,Ianova,ZH1618      
8/24/2020,ACTUALS,Ianova,1FD449      
8/24/2020,ACTUALS,Murphy,YU3661      
8/24/2020,ACTUALS,Smith,ZH1618      
8/24/2020,ACTUALS,Wang,RD1460      
8/24/2020,ACTUALS,Wang,RD1460      
8/24/2020,ACTUALS,Smith,RD1459      
8/24/2020,ACTUALS,Smith,RD1459      
8/24/2020,ACTUALS,Smith,RD1459      
8/24/2020,ACTUALS,Smith,RD1459      
8/24/2020,ACTUALS,Smith,RD1459      
8/24/2020,ACTUALS,Smith,RD1459      
8/24/2020,ACTUALS,Smith,RD1459      
8/24/2020,ACTUALS,Smith,RD1459      
8/24/2020,ACTUALS,Smith,RD1459      
8/24/2020,ACTUALS,Smith,RD1459      
8/24/2020,ACTUALS,Smith,RD1459      
8/24/2020,ACTUALS,Smith,ZH1618      
8/24/2020,ACTUALS,Smith,ZH1618      
8/24/2020,ACTUALS,Ianova,RP6696      
8/24/2020,ACTUALS,Ianova,ZH1618      
8/24/2020,ACTUALS,Ianova,3N1608      
8/24/2020,ACTUALS,Smith,ZH1618      
8/24/2020,ACTUALS,Smith,ZH1618      
8/24/2020,ACTUALS,Smith,ZH1618      
8/24/2020,ACTUALS,Smith,ZH1618      
8/24/2020,ACTUALS,Smith,ZH1618      
8/24/2020,ACTUALS,Ianova,TE1606      
8/24/2020,ACTUALS,Smith,YU3661      
8/24/2020,ACTUALS,Smith,YU3661      
8/24/2020,ACTUALS,Smith,YU3661      
8/24/2020,ACTUALS,Smith,YU3661      
8/24/2020,ACTUALS,Smith,YU3661      
8/24/2020,ACTUALS,Smith,YU3661      
8/24/2020,ACTUALS,Smith,YU3661      
8/24/2020,ACTUALS,Smith,YU3661      
8/24/2020,ACTUALS,Smith,YU3661      
8/24/2020,ACTUALS,Smith,ZH1618      
8/24/2020,ACTUALS,Smith,ZH1618      
8/24/2020,ACTUALS,Smith,2JP493      
8/24/2020,ACTUALS,Murphy,ZH1618      
8/24/2020,ACTUALS,Smith,ZH1618      
8/24/2020,ACTUALS,Ianova,ZH1618      
8/24/2020,ACTUALS,Smith,ZH1618      
8/24/2020,ACTUALS,Smith,ZH1618      
8/24/2020,ACTUALS,Ianova,RD1460      
8/24/2020,ACTUALS,Smith,ZH1618      
8/24/2020,ACTUALS,Smith,ZH1618      
8/24/2020,ACTUALS,Smith,ZH1618      
8/24/2020,ACTUALS,Smith,ZH1618      
8/24/2020,ACTUALS,Smith,ZH1618      
8/24/2020,ACTUALS,Ianova,RP6696      
8/24/2020,ACTUALS,Wang,RP6696      
8/24/2020,ACTUALS,Wang,ZH1618      
8/24/2020,ACTUALS,Wang,ZH1618      
8/24/2020,ACTUALS,Wang,ZH1618      
8/24/2020,ACTUALS,Wang,ZH1618      
8/24/2020,ACTUALS,Wang,ZH1618      
8/24/2020,ACTUALS,Wang,YZ3602      
8/24/2020,ACTUALS,Wang,ZH1618      
8/24/2020,ACTUALS,Wang,3AR470      
8/24/2020,ACTUALS,Wang,ZH1618      
8/24/2020,ACTUALS,Murphy,RD1459      
8/24/2020,ACTUALS,Murphy,RD1459      
8/24/2020,ACTUALS,Murphy,ZH1618      
8/24/2020,ACTUALS,Murphy,ZH1618      
8/24/2020,ACTUALS,Murphy,ZH1618      
8/24/2020,ACTUALS,Murphy,YZ3606      
8/24/2020,ACTUALS,Murphy,YZ3606      
8/24/2020,ACTUALS,Murphy,ZH1618      
8/24/2020,ACTUALS,Murphy,ZH1618      
8/24/2020,ACTUALS,Murphy,ZH1618      
8/24/2020,ACTUALS,Murphy,ZH1618      
8/24/2020,ACTUALS,Murphy,1FB284      
8/24/2020,ACTUALS,Murphy,ZH1618      
8/24/2020,ACTUALS,Murphy,UV4978      
8/24/2020,ACTUALS,Murphy,ZH1618      
8/24/2020,ACTUALS,Murphy,ZH1618      
8/24/2020,ACTUALS,Murphy,ZH1618      
8/24/2020,ACTUALS,Murphy,ZH1618      
8/24/2020,ACTUALS,Murphy,RD1460      
8/24/2020,ACTUALS,Murphy,RD1460      
8/24/2020,ACTUALS,Garcia,ZH1618      
8/24/2020,ACTUALS,Garcia,ZH1618      
8/24/2020,ACTUALS,Garcia,7M6081      
8/24/2020,ACTUALS,Garcia,2MG251      
8/24/2020,ACTUALS,Garcia,2MG251      
8/24/2020,ACTUALS,Garcia,2MG251      
8/24/2020,ACTUALS,Garcia,2MG251      
8/24/2020,ACTUALS,Garcia,2MG251      
8/24/2020,ACTUALS,Garcia,2MG251      
8/24/2020,ACTUALS,Garcia,2MG251      
8/24/2020,ACTUALS,Garcia,2MG251      
8/24/2020,ACTUALS,Garcia,2MG251      
8/24/2020,ACTUALS,Garcia,2MG251      
8/24/2020,ACTUALS,Garcia,2MG251      
8/24/2020,ACTUALS,Garcia,2MG251      
8/24/2020,ACTUALS,Garcia,2MG251      
8/24/2020,ACTUALS,Garcia,2MG251      
8/24/2020,ACTUALS,Garcia,2MG251      
8/24/2020,ACTUALS,Garcia,2MG251      
8/24/2020,ACTUALS,Garcia,2MG251      
8/24/2020,ACTUALS,Garcia,2MG251      
8/24/2020,ACTUALS,Garcia,2MG251      
8/24/2020,ACTUALS,Garcia,2MG251      
8/24/2020,ACTUALS,Garcia,2MG251      
8/24/2020,ACTUALS,Garcia,2MG251      
8/24/2020,ACTUALS,Garcia,2MG251      
8/24/2020,ACTUALS,Garcia,2MG251      
8/24/2020,ACTUALS,Garcia,2MG251      
8/24/2020,ACTUALS,Garcia,2MG251      
8/24/2020,ACTUALS,Garcia,2MG251      
8/24/2020,ACTUALS,Garcia,2MG251      
8/24/2020,ACTUALS,Garcia,2MG251      
8/24/2020,ACTUALS,Garcia,2MG251      
8/24/2020,ACTUALS,Garcia,2MG251      
8/24/2020,ACTUALS,Garcia,2MG251      
8/24/2020,ACTUALS,Garcia,2MG251      
8/24/2020,ACTUALS,Garcia,2MG251      
8/24/2020,ACTUALS,Garcia,2MG251      
8/24/2020,ACTUALS,Garcia,2MG251      
8/24/2020,ACTUALS,Garcia,2MG251      
8/24/2020,ACTUALS,Garcia,2MG251      
8/24/2020,ACTUALS,Garcia,2MG251      
8/24/2020,ACTUALS,Garcia,2MG251      
8/24/2020,ACTUALS,Garcia,2MG251      
8/24/2020,ACTUALS,Garcia,2MG251      
8/24/2020,ACTUALS,Garcia,2MG251      
8/24/2020,ACTUALS,Garcia,2MG251      
8/24/2020,ACTUALS,Garcia,2MG251      
8/24/2020,ACTUALS,Garcia,2MG252      
8/24/2020,ACTUALS,Garcia,2MG252      
8/24/2020,ACTUALS,Garcia,2MG252      
8/24/2020,ACTUALS,Garcia,2MG252      
8/24/2020,ACTUALS,Garcia,2MG252      
8/24/2020,ACTUALS,Garcia,2MG252      
8/24/2020,ACTUALS,Garcia,2MG252      
8/24/2020,ACTUALS,Garcia,2MG252      
8/24/2020,ACTUALS,Garcia,2MG252      
8/24/2020,ACTUALS,Garcia,2MG254      
8/24/2020,ACTUALS,Garcia,2MG254      
8/24/2020,ACTUALS,Garcia,2MG256      
8/24/2020,ACTUALS,Garcia,2MG257      
8/24/2020,ACTUALS,Garcia,3AU874      
8/24/2020,ACTUALS,Garcia,3AU874      
8/24/2020,ACTUALS,Garcia,3AU875      
8/24/2020,ACTUALS,Garcia,3AU875      
8/24/2020,ACTUALS,Garcia,3AU875      
8/24/2020,ACTUALS,Garcia,3AU875      
8/24/2020,ACTUALS,Garcia,3AU876      
8/24/2020,ACTUALS,Garcia,3AU876      
8/24/2020,ACTUALS,Garcia,3AU876      
8/24/2020,ACTUALS,Garcia,3AU876      
8/24/2020,ACTUALS,Garcia,RD1460      
8/24/2020,ACTUALS,Garcia,ZH1618      
8/24/2020,ACTUALS,Garcia,ZH1618      
8/24/2020,ACTUALS,Garcia,ZH1618      
8/24/2020,ACTUALS,Garcia,2JP493      
8/24/2020,ACTUALS,Garcia,ZH1618      
8/24/2020,ACTUALS,Garcia,ZH1618      
8/23/2020,ACTUALS,Wang,RD1460      
8/23/2020,ACTUALS,Wang,TE1606      
8/23/2020,ACTUALS,Wang,8X7230      
8/23/2020,ACTUALS,Murphy,8J4958      
8/23/2020,ACTUALS,Smith,RD1460      
8/23/2020,ACTUALS,Smith,RD1460      
8/23/2020,ACTUALS,Smith,3N1609      
8/23/2020,ACTUALS,Smith,2JP477      
8/23/2020,ACTUALS,Ianova,RD1460      
8/23/2020,ACTUALS,Smith,3N1605      
8/23/2020,ACTUALS,Smith,3N1606      
8/23/2020,ACTUALS,Smith,3N1608      
8/23/2020,ACTUALS,Smith,3N1609      
8/23/2020,ACTUALS,Smith,3N1610      
8/23/2020,ACTUALS,Smith,3N1612      
8/23/2020,ACTUALS,Smith,3N1614      
8/23/2020,ACTUALS,Smith,3N1615      
8/23/2020,ACTUALS,Smith,3N1616      
8/23/2020,ACTUALS,Smith,3N1620      
8/23/2020,ACTUALS,Smith,9U7528      
8/23/2020,ACTUALS,Wang,YZ2880      
8/23/2020,ACTUALS,Murphy,2JP477      
8/23/2020,ACTUALS,Murphy,2JQ300      
8/23/2020,ACTUALS,Murphy,2JP477      
8/23/2020,ACTUALS,Murphy,2JQ300      
8/23/2020,ACTUALS,Murphy,3N1602      
8/23/2020,ACTUALS,Murphy,3N1603      
8/23/2020,ACTUALS,Murphy,RD1460      
8/23/2020,ACTUALS,Murphy,RD1460      
8/23/2020,ACTUALS,Murphy,YZ3604      
8/23/2020,ACTUALS,Garcia,RD1460      
8/22/2020,ACTUALS,Smith,ZH1618      
8/22/2020,ACTUALS,Wang,ZH1618      
8/22/2020,ACTUALS,Wang,ZH1618      
8/22/2020,ACTUALS,Wang,ZH1618      
8/22/2020,ACTUALS,Wang,ZH1618      
8/22/2020,ACTUALS,Wang,ZH1618      
8/22/2020,ACTUALS,Wang,ZH1618      
8/22/2020,ACTUALS,Wang,ZH1618      
8/22/2020,ACTUALS,Garcia,RD1460      
8/22/2020,ACTUALS,Garcia,ZH1618      
8/22/2020,ACTUALS,Garcia,ZH1618      
8/22/2020,ACTUALS,Garcia,ZH1618      
8/22/2020,ACTUALS,Garcia,ZH1618      
8/22/2020,ACTUALS,Ianova,RD1459      
8/22/2020,ACTUALS,Ianova,ZH1618      
8/22/2020,ACTUALS,Murphy,ZH1618      
8/22/2020,ACTUALS,Ianova,ZH1618      
8/22/2020,ACTUALS,Murphy,RD1459      
8/22/2020,ACTUALS,Murphy,RD1459      
8/22/2020,ACTUALS,Murphy,RD1459      
8/22/2020,ACTUALS,Murphy,RD1459      
8/22/2020,ACTUALS,Murphy,RD1459      
8/22/2020,ACTUALS,Ianova,ZH1618      
8/22/2020,ACTUALS,Ianova,RD1460      
8/22/2020,ACTUALS,Ianova,RD1459      
8/22/2020,ACTUALS,Ianova,2JP781      
8/22/2020,ACTUALS,Murphy,ZH1618      
8/22/2020,ACTUALS,Ianova,ZH1618      
8/22/2020,ACTUALS,Murphy,ZH1618      
8/22/2020,ACTUALS,Ianova,ZH1618      
8/22/2020,ACTUALS,Murphy,ZH1618      
8/22/2020,ACTUALS,Smith,ZH1618      
8/22/2020,ACTUALS,Smith,ZH1618      
8/22/2020,ACTUALS,Ianova,ZH1618      
8/22/2020,ACTUALS,Ianova,ZH1618      
8/22/2020,ACTUALS,Smith,ZH1618      
8/22/2020,ACTUALS,Smith,RD1459      
8/22/2020,ACTUALS,Smith,RD1459      
8/22/2020,ACTUALS,Smith,RD1459      
8/22/2020,ACTUALS,Smith,RD1459      
8/22/2020,ACTUALS,Smith,RD1459      
8/22/2020,ACTUALS,Smith,RD1459      
8/22/2020,ACTUALS,Smith,RD1459      
8/22/2020,ACTUALS,Garcia,ZH1618      
8/22/2020,ACTUALS,Smith,ZH1618      
8/22/2020,ACTUALS,Smith,ZH1618      
8/22/2020,ACTUALS,Smith,RD1459      
8/22/2020,ACTUALS,Smith,RD1459      
8/22/2020,ACTUALS,Smith,ZH1618      
8/22/2020,ACTUALS,Ianova,ZH1618      
8/22/2020,ACTUALS,Ianova,RD1460      
8/22/2020,ACTUALS,Ianova,ZH1618      
8/22/2020,ACTUALS,Smith,ZH1618      
8/22/2020,ACTUALS,Smith,ZH1618      
8/22/2020,ACTUALS,Ianova,ZH1618      
8/22/2020,ACTUALS,Ianova,ZH1618      
8/22/2020,ACTUALS,Garcia,ZH1618      
8/22/2020,ACTUALS,Smith,ZH1618      
8/22/2020,ACTUALS,Wang,ZH1618      
8/22/2020,ACTUALS,Wang,ZH1618      
8/22/2020,ACTUALS,Wang,ZH1618      
8/22/2020,ACTUALS,Murphy,RD1460      
8/22/2020,ACTUALS,Murphy,RD1460      
8/22/2020,ACTUALS,Murphy,ZH1618      
8/22/2020,ACTUALS,Murphy,ZH1618      
8/22/2020,ACTUALS,Murphy,ZH1618      
8/22/2020,ACTUALS,Murphy,ZH1618      
8/22/2020,ACTUALS,Murphy,ZH1618      
8/22/2020,ACTUALS,Murphy,ZH1618      
8/22/2020,ACTUALS,Murphy,ZH1618      
8/22/2020,ACTUALS,Murphy,ZH1618      
8/22/2020,ACTUALS,Murphy,ZH1618      
8/22/2020,ACTUALS,Murphy,ZH1618      
8/22/2020,ACTUALS,Murphy,ZH1618      
8/22/2020,ACTUALS,Murphy,RD1460      
8/22/2020,ACTUALS,Murphy,ZH1618      
8/22/2020,ACTUALS,Murphy,ZH1618      
8/22/2020,ACTUALS,Murphy,ZH1618      
8/22/2020,ACTUALS,Murphy,3N1612      
8/22/2020,ACTUALS,Murphy,9U7528      
8/22/2020,ACTUALS,Murphy,RD1459      
8/22/2020,ACTUALS,Garcia,ZH1618      
8/22/2020,ACTUALS,Garcia,ZH1618      
8/22/2020,ACTUALS,Garcia,ZH1618      
8/22/2020,ACTUALS,Garcia,ZH1618      
8/22/2020,ACTUALS,Garcia,RD1459      
8/22/2020,ACTUALS,Garcia,RD1460      
8/22/2020,ACTUALS,Garcia,RD1460      
8/22/2020,ACTUALS,Garcia,RD1460      
8/21/2020,ACTUALS,Smith,YU3661      
8/21/2020,ACTUALS,Smith,YU3661      
8/21/2020,ACTUALS,Wang,RD1460      
8/21/2020,ACTUALS,Garcia,YU3661      
8/21/2020,ACTUALS,Garcia,YU3661      
8/21/2020,ACTUALS,Murphy,YU3661      
8/21/2020,ACTUALS,Murphy,YU3661      
8/21/2020,ACTUALS,Smith,RD1459      
8/21/2020,ACTUALS,Smith,RD1459      
8/21/2020,ACTUALS,Smith,RD1459      
8/21/2020,ACTUALS,Smith,RD1459      
8/21/2020,ACTUALS,Smith,RD1459      
8/21/2020,ACTUALS,Smith,RD1459      
8/21/2020,ACTUALS,Smith,RD1459      
8/21/2020,ACTUALS,Garcia,RD1459      
8/21/2020,ACTUALS,Smith,8Z4139      
8/21/2020,ACTUALS,Smith,3N1605      
8/21/2020,ACTUALS,Smith,3N1608      
8/21/2020,ACTUALS,Smith,3N1609      
8/21/2020,ACTUALS,Smith,3N1612      
8/21/2020,ACTUALS,Smith,3N1613      
8/21/2020,ACTUALS,Smith,3N1618      
8/21/2020,ACTUALS,Wang,YU3661      
8/21/2020,ACTUALS,Murphy,RD1459      
8/21/2020,ACTUALS,Murphy,RD1459      
8/21/2020,ACTUALS,Murphy,RD1459      
8/21/2020,ACTUALS,Murphy,YU3661      
8/21/2020,ACTUALS,Murphy,YU3661      
8/21/2020,ACTUALS,Garcia,2MG251      
8/21/2020,ACTUALS,Garcia,2MG251      
8/21/2020,ACTUALS,Garcia,2MG251      
8/21/2020,ACTUALS,Garcia,2MG251      
8/21/2020,ACTUALS,Garcia,2MG251      
8/21/2020,ACTUALS,Garcia,2MG252      
8/21/2020,ACTUALS,Garcia,2MG252      
8/21/2020,ACTUALS,Garcia,2MG254      
8/21/2020,ACTUALS,Garcia,2MG254      
8/21/2020,ACTUALS,Garcia,2MG254      
8/21/2020,ACTUALS,Garcia,3AU874      
8/21/2020,ACTUALS,Garcia,3AU874      
8/21/2020,ACTUALS,Garcia,3AU874      
8/21/2020,ACTUALS,Garcia,3AU875      
8/21/2020,ACTUALS,Garcia,3AU875      
8/21/2020,ACTUALS,Garcia,3AU875      
8/21/2020,ACTUALS,Garcia,3AU875      
8/20/2020,ACTUALS,Wang,3N1622      
8/20/2020,ACTUALS,Wang,5BN396      
8/20/2020,ACTUALS,Wang,2MK552      
8/20/2020,ACTUALS,Garcia,RD1460      
8/20/2020,ACTUALS,Wang,RD1460      
8/20/2020,ACTUALS,Smith,RD1460      
8/20/2020,ACTUALS,Smith,RD1460      
8/20/2020,ACTUALS,Smith,RD1460      
8/20/2020,ACTUALS,Murphy,3N1602      
8/20/2020,ACTUALS,Murphy,3N1603      
8/20/2020,ACTUALS,Murphy,UV4978      
8/20/2020,ACTUALS,Murphy,7M6082      
8/20/2020,ACTUALS,Murphy,5BN393      
8/17/2020,ACTUALS,Wang,1FD455      
8/17/2020,ACTUALS,Murphy,8X7229      
8/17/2020,ACTUALS,Ianova,RD1460      
8/17/2020,ACTUALS,Ianova,RD1460      
8/17/2020,ACTUALS,Ianova,RD1460      
8/17/2020,ACTUALS,Smith,RD1459      
8/17/2020,ACTUALS,Smith,RD1459      
8/17/2020,ACTUALS,Ianova,7M4536      
8/17/2020,ACTUALS,Ianova,RD1460      
8/17/2020,ACTUALS,Smith,YU3661      
8/17/2020,ACTUALS,Smith,YU3661      
8/17/2020,ACTUALS,Smith,YU3661      
8/17/2020,ACTUALS,Smith,YU3661      
8/17/2020,ACTUALS,Smith,YU3661      
8/17/2020,ACTUALS,Smith,YU3661      
8/17/2020,ACTUALS,Smith,YU3661      
8/17/2020,ACTUALS,Smith,YU3661      
8/17/2020,ACTUALS,Smith,YU3661      
8/17/2020,ACTUALS,Smith,YU3661      
8/17/2020,ACTUALS,Smith,YU3661      
8/17/2020,ACTUALS,Smith,YU3661      
8/17/2020,ACTUALS,Smith,YU3661      
8/17/2020,ACTUALS,Smith,YU3661      
8/17/2020,ACTUALS,Smith,YU3661      
8/17/2020,ACTUALS,Smith,YU3661      
8/17/2020,ACTUALS,Smith,YU3661      
8/17/2020,ACTUALS,Smith,YU3661      
8/17/2020,ACTUALS,Smith,YU3661      
8/17/2020,ACTUALS,Smith,YU3661      
8/17/2020,ACTUALS,Smith,YU3661      
8/17/2020,ACTUALS,Smith,RP6696      
8/17/2020,ACTUALS,Murphy,2JP477      
8/17/2020,ACTUALS,Murphy,2JQ300      
8/17/2020,ACTUALS,Murphy,YZ3606      
8/17/2020,ACTUALS,Garcia,2R7716      
8/17/2020,ACTUALS,Garcia,3E6167      
8/17/2020,ACTUALS,Garcia,2MG251      
8/17/2020,ACTUALS,Garcia,2MG251      
8/17/2020,ACTUALS,Garcia,2MG251      
8/17/2020,ACTUALS,Garcia,2MG251      
8/17/2020,ACTUALS,Garcia,2MG251      
8/17/2020,ACTUALS,Garcia,2MG251      
8/17/2020,ACTUALS,Garcia,2MG251      
8/17/2020,ACTUALS,Garcia,2MG251      
8/17/2020,ACTUALS,Garcia,2MG251      
8/17/2020,ACTUALS,Garcia,2MG251      
8/17/2020,ACTUALS,Garcia,2MG251      
8/17/2020,ACTUALS,Garcia,2MG251      
8/17/2020,ACTUALS,Garcia,2MG251      
8/17/2020,ACTUALS,Garcia,2MG251      
8/17/2020,ACTUALS,Garcia,2MG251      
8/17/2020,ACTUALS,Garcia,2MG251      
8/17/2020,ACTUALS,Garcia,2MG251      
8/17/2020,ACTUALS,Garcia,2MG251      
8/17/2020,ACTUALS,Garcia,2MG251      
8/17/2020,ACTUALS,Garcia,2MG251      
8/17/2020,ACTUALS,Garcia,2MG252      
8/17/2020,ACTUALS,Garcia,2MG252      
8/17/2020,ACTUALS,Garcia,2MG252      
8/17/2020,ACTUALS,Garcia,2MG254      
8/17/2020,ACTUALS,Garcia,2MG254      
8/17/2020,ACTUALS,Garcia,3AU874      
8/17/2020,ACTUALS,Garcia,3AU875      
8/17/2020,ACTUALS,Garcia,3AU875      
8/17/2020,ACTUALS,Garcia,3AU875      
8/17/2020,ACTUALS,Garcia,3AU875      
8/17/2020,ACTUALS,Garcia,3AU875      
8/17/2020,ACTUALS,Garcia,3AU875      
8/17/2020,ACTUALS,Garcia,3AU875      
8/17/2020,ACTUALS,Garcia,3AU875      
8/17/2020,ACTUALS,Garcia,3AU875      
8/17/2020,ACTUALS,Garcia,3AU875      
8/17/2020,ACTUALS,Garcia,3AU875      
8/17/2020,ACTUALS,Garcia,3AU875      
8/17/2020,ACTUALS,Garcia,3AU875      
8/17/2020,ACTUALS,Garcia,3AU875      
8/17/2020,ACTUALS,Garcia,3AU875      
8/17/2020,ACTUALS,Garcia,3AU875      
8/17/2020,ACTUALS,Garcia,3AU875      
8/17/2020,ACTUALS,Garcia,3AU875      
8/17/2020,ACTUALS,Garcia,3AU875      
8/17/2020,ACTUALS,Garcia,3AU875      
8/17/2020,ACTUALS,Garcia,3AU876      
8/17/2020,ACTUALS,Garcia,3AU876      
8/17/2020,ACTUALS,Garcia,3AU876      
8/17/2020,ACTUALS,Garcia,3AU876      
8/17/2020,ACTUALS,Garcia,3AU876      
8/17/2020,ACTUALS,Garcia,3AU876      
8/17/2020,ACTUALS,Garcia,3AU876      
8/17/2020,ACTUALS,Garcia,3AU876      
8/17/2020,ACTUALS,Garcia,3AU876      
8/17/2020,ACTUALS,Garcia,3AU876      
8/17/2020,ACTUALS,Garcia,3AU876      
8/17/2020,ACTUALS,Garcia,3AU876      
8/17/2020,ACTUALS,Garcia,3AU876      
8/17/2020,ACTUALS,Garcia,3AU876      
8/17/2020,ACTUALS,Garcia,3AU876      
8/17/2020,ACTUALS,Garcia,3AU876      
8/17/2020,ACTUALS,Garcia,3AU876      
8/17/2020,ACTUALS,Garcia,3AU876      
8/17/2020,ACTUALS,Garcia,3AU876      
8/17/2020,ACTUALS,Garcia,3AU876      
8/17/2020,ACTUALS,Garcia,8K1421      
8/16/2020,ACTUALS,Garcia,RD1460      
8/16/2020,ACTUALS,Ianova,RD1460      
8/16/2020,ACTUALS,Ianova,RD1460      
8/16/2020,ACTUALS,Smith,RD1459      
8/16/2020,ACTUALS,Smith,RD1459      
8/16/2020,ACTUALS,Smith,RD1459      
8/16/2020,ACTUALS,Smith,RD1459      
8/16/2020,ACTUALS,Smith,RD1459      
8/16/2020,ACTUALS,Smith,RD1459      
8/16/2020,ACTUALS,Smith,RD1459      
8/16/2020,ACTUALS,Smith,RD1459      
8/16/2020,ACTUALS,Smith,RD1459      
8/16/2020,ACTUALS,Garcia,RD1460      
8/16/2020,ACTUALS,Smith,RD1459      
8/16/2020,ACTUALS,Smith,RD1459      
8/16/2020,ACTUALS,Smith,RD1459      
8/16/2020,ACTUALS,Smith,RD1460      
8/16/2020,ACTUALS,Smith,RD1460      
8/16/2020,ACTUALS,Smith,RD1461      
8/16/2020,ACTUALS,Smith,RD1462      
8/16/2020,ACTUALS,Smith,RD1462      
8/15/2020,ACTUALS,Wang,RD1460      
8/15/2020,ACTUALS,Wang,RD1460      
8/15/2020,ACTUALS,Wang,7M3897      
8/15/2020,ACTUALS,Wang,RP6696      
8/15/2020,ACTUALS,Murphy,2JP477      
8/15/2020,ACTUALS,Ianova,RD1460      
8/15/2020,ACTUALS,Ianova,8K1421      
8/15/2020,ACTUALS,Ianova,8K1421      
8/15/2020,ACTUALS,Ianova,7M6167      
8/15/2020,ACTUALS,Smith,RD1459      
8/15/2020,ACTUALS,Smith,RD1459      
8/15/2020,ACTUALS,Smith,RD1459      
8/15/2020,ACTUALS,Smith,RD1459      
8/15/2020,ACTUALS,Murphy,XU3172      
8/15/2020,ACTUALS,Garcia,RD1460      
8/15/2020,ACTUALS,Garcia,2JP477      
8/15/2020,ACTUALS,Garcia,2JP478      
8/15/2020,ACTUALS,Garcia,2JQ306      
8/15/2020,ACTUALS,Garcia,8K1421      
8/14/2020,ACTUALS,Wang,RD1459      
8/14/2020,ACTUALS,Wang,RD1459      
8/14/2020,ACTUALS,Garcia,RD1460      
8/14/2020,ACTUALS,Smith,RD1459      
8/14/2020,ACTUALS,Smith,RD1459      
8/14/2020,ACTUALS,Smith,RD1459      
8/14/2020,ACTUALS,Smith,RD1459      
8/14/2020,ACTUALS,Smith,RD1459      
8/14/2020,ACTUALS,Smith,RD1459      
8/14/2020,ACTUALS,Smith,RD1459      
8/14/2020,ACTUALS,Smith,RD1459      
8/14/2020,ACTUALS,Ianova,8X7065      
8/14/2020,ACTUALS,Smith,UV4978      
8/14/2020,ACTUALS,Ianova,RD1460      
8/14/2020,ACTUALS,Ianova,RD1460      
8/14/2020,ACTUALS,Ianova,RD1460      
8/14/2020,ACTUALS,Ianova,RD1460      
8/14/2020,ACTUALS,Ianova,RD1460      
8/14/2020,ACTUALS,Ianova,RD1460      
8/14/2020,ACTUALS,Ianova,RD1460      
8/14/2020,ACTUALS,Ianova,RD1460      
8/14/2020,ACTUALS,Ianova,RD1459      
8/14/2020,ACTUALS,Murphy,RD1460      
8/14/2020,ACTUALS,Murphy,7M4718      
8/14/2020,ACTUALS,Garcia,RD1460      
8/14/2020,ACTUALS,Garcia,RD1460      
8/13/2020,ACTUALS,Wang,RD1459      
8/13/2020,ACTUALS,Wang,RD1460      
8/13/2020,ACTUALS,Wang,YZ3604      
8/13/2020,ACTUALS,Wang,2R7725      
8/13/2020,ACTUALS,Wang,3E6154      
8/13/2020,ACTUALS,Wang,RD1460      
8/13/2020,ACTUALS,Garcia,RD1459      
8/13/2020,ACTUALS,Ianova,RD1459      
8/13/2020,ACTUALS,Murphy,RD1459      
8/13/2020,ACTUALS,Ianova,RD1460      
8/13/2020,ACTUALS,Ianova,RD1460      
8/13/2020,ACTUALS,Smith,RD1459      
8/13/2020,ACTUALS,Smith,RD1459      
8/13/2020,ACTUALS,Smith,RD1459      
8/13/2020,ACTUALS,Smith,RD1459      
8/13/2020,ACTUALS,Smith,RD1459      
8/13/2020,ACTUALS,Ianova,YZ3604      
8/13/2020,ACTUALS,Murphy,RD1459      
8/13/2020,ACTUALS,Murphy,1DC301      
8/13/2020,ACTUALS,Murphy,1DC301      
8/10/2020,ACTUALS,Wang,8X6646      
8/10/2020,ACTUALS,Garcia,YU3661      
8/10/2020,ACTUALS,Ianova,3K5455      
8/10/2020,ACTUALS,Ianova,3K5456      
8/10/2020,ACTUALS,Ianova,YZ3605      
8/10/2020,ACTUALS,Murphy,8X7065      
8/10/2020,ACTUALS,Murphy,YZ3606      
8/10/2020,ACTUALS,Murphy,TE1606      
8/10/2020,ACTUALS,Smith,RD1460      
8/10/2020,ACTUALS,Smith,YZ3606      
8/10/2020,ACTUALS,Murphy,8K1221      
8/10/2020,ACTUALS,Wang,YZ2880      
8/10/2020,ACTUALS,Wang,YZ2880      
8/10/2020,ACTUALS,Murphy,3N1602      
8/10/2020,ACTUALS,Murphy,1DC301      
8/10/2020,ACTUALS,Murphy,9X4081      
8/10/2020,ACTUALS,Garcia,8K1421      
8/9/2020,ACTUALS,Smith,YU3661      
8/9/2020,ACTUALS,Smith,YU3661      
8/9/2020,ACTUALS,Wang,3N1608      
8/9/2020,ACTUALS,Wang,3N1609      
8/9/2020,ACTUALS,Wang,3N1613      
8/9/2020,ACTUALS,Wang,3N1620      
8/9/2020,ACTUALS,Wang,9U7528      
8/9/2020,ACTUALS,Wang,RD1460      
8/9/2020,ACTUALS,Wang,RD1460      
8/9/2020,ACTUALS,Garcia,YU3661      
8/9/2020,ACTUALS,Garcia,YU3661      
8/9/2020,ACTUALS,Ianova,2GH861      
8/9/2020,ACTUALS,Murphy,RD1459      
8/9/2020,ACTUALS,Ianova,RD1460      
8/9/2020,ACTUALS,Ianova,RD1460      
8/9/2020,ACTUALS,Murphy,YU3661      
8/9/2020,ACTUALS,Murphy,YU3661      
8/9/2020,ACTUALS,Murphy,YU3661      
8/9/2020,ACTUALS,Smith,RD1459      
8/9/2020,ACTUALS,Smith,RD1459      
8/9/2020,ACTUALS,Smith,RD1459      
8/9/2020,ACTUALS,Smith,RD1459      
8/9/2020,ACTUALS,Smith,RD1459      
8/9/2020,ACTUALS,Smith,RD1459      
8/9/2020,ACTUALS,Smith,RD1459      
8/9/2020,ACTUALS,Smith,RD1459      
8/9/2020,ACTUALS,Smith,RD1459      
8/9/2020,ACTUALS,Ianova,2JP221      
8/9/2020,ACTUALS,Ianova,RD1460      
8/9/2020,ACTUALS,Smith,YU3661      
8/9/2020,ACTUALS,Smith,YU3661      
8/9/2020,ACTUALS,Smith,YU3661      
8/9/2020,ACTUALS,Smith,YU3661      
8/9/2020,ACTUALS,Smith,YU3661      
8/9/2020,ACTUALS,Smith,YU3661      
8/9/2020,ACTUALS,Smith,YU3661      
8/9/2020,ACTUALS,Smith,YU3661      
8/9/2020,ACTUALS,Smith,YU3661      
8/9/2020,ACTUALS,Smith,YU3661      
8/9/2020,ACTUALS,Smith,YU3661      
8/9/2020,ACTUALS,Smith,RD1460      
8/9/2020,ACTUALS,Ianova,RD1462      
8/9/2020,ACTUALS,Garcia,RD1460      
8/9/2020,ACTUALS,Wang,YU3661      
8/9/2020,ACTUALS,Murphy,YU3661      
8/9/2020,ACTUALS,Murphy,RD1460      
8/9/2020,ACTUALS,Murphy,RD1460      
8/9/2020,ACTUALS,Garcia,2MG251      
8/9/2020,ACTUALS,Garcia,2MG251      
8/9/2020,ACTUALS,Garcia,2MG251      
8/9/2020,ACTUALS,Garcia,2MG251      
8/9/2020,ACTUALS,Garcia,2MG251      
8/9/2020,ACTUALS,Garcia,2MG251      
8/9/2020,ACTUALS,Garcia,2MG251      
8/9/2020,ACTUALS,Garcia,2MG251      
8/9/2020,ACTUALS,Garcia,2MG251      
8/9/2020,ACTUALS,Garcia,2MG251      
8/9/2020,ACTUALS,Garcia,2MG251      
8/9/2020,ACTUALS,Garcia,2MG251      
8/9/2020,ACTUALS,Garcia,2MG251      
8/9/2020,ACTUALS,Garcia,2MG251      
8/9/2020,ACTUALS,Garcia,2MG251      
8/9/2020,ACTUALS,Garcia,2MG251      
8/9/2020,ACTUALS,Garcia,2MG251      
8/9/2020,ACTUALS,Garcia,2MG251      
8/9/2020,ACTUALS,Garcia,2MG251      
8/9/2020,ACTUALS,Garcia,2MG251      
8/9/2020,ACTUALS,Garcia,2MG251      
8/9/2020,ACTUALS,Garcia,2MG251      
8/9/2020,ACTUALS,Garcia,2MG251      
8/9/2020,ACTUALS,Garcia,2MG251      
8/9/2020,ACTUALS,Garcia,2MG251      
8/9/2020,ACTUALS,Garcia,2MG252      
8/9/2020,ACTUALS,Garcia,2MG252      
8/9/2020,ACTUALS,Garcia,2MG254      
8/9/2020,ACTUALS,Garcia,2MG254      
8/9/2020,ACTUALS,Garcia,2MG254      
8/9/2020,ACTUALS,Garcia,2MG257      
8/9/2020,ACTUALS,Garcia,3AU874      
8/9/2020,ACTUALS,Garcia,3AU875      
8/9/2020,ACTUALS,Garcia,3AU875      
8/9/2020,ACTUALS,Garcia,3AU875      
8/9/2020,ACTUALS,Garcia,3AU875      
8/9/2020,ACTUALS,Garcia,3AU875      
8/9/2020,ACTUALS,Garcia,3AU875      
8/9/2020,ACTUALS,Garcia,3AU875      
8/9/2020,ACTUALS,Garcia,3AU875      
8/9/2020,ACTUALS,Garcia,3AU875      
8/9/2020,ACTUALS,Garcia,3AU875      
8/9/2020,ACTUALS,Garcia,3AU875      
8/9/2020,ACTUALS,Garcia,3AU875      
8/9/2020,ACTUALS,Garcia,3AU875      
8/9/2020,ACTUALS,Garcia,3AU875      
8/9/2020,ACTUALS,Garcia,3AU875      
8/9/2020,ACTUALS,Garcia,3AU876      
8/9/2020,ACTUALS,Garcia,3AU876      
8/9/2020,ACTUALS,Garcia,3AU876      
8/9/2020,ACTUALS,Garcia,3AU876      
8/9/2020,ACTUALS,Garcia,3AU876      
8/9/2020,ACTUALS,Garcia,3AU876      
8/9/2020,ACTUALS,Garcia,3AU876      
8/9/2020,ACTUALS,Garcia,3AU876      
8/9/2020,ACTUALS,Garcia,3AU876      
8/9/2020,ACTUALS,Garcia,3AU876      
8/9/2020,ACTUALS,Garcia,3AU876      
8/9/2020,ACTUALS,Garcia,3AU876      
8/9/2020,ACTUALS,Garcia,3AU876      
8/9/2020,ACTUALS,Garcia,3AU876      
8/9/2020,ACTUALS,Garcia,3AU876      
8/9/2020,ACTUALS,Garcia,3AU876      
8/9/2020,ACTUALS,Garcia,RD1460      
8/9/2020,ACTUALS,Garcia,RD1460      
8/8/2020,ACTUALS,Wang,YZ2916      
8/8/2020,ACTUALS,Murphy,8Y2281      
8/8/2020,ACTUALS,Smith,RD1459      
8/8/2020,ACTUALS,Smith,RD1459      
8/8/2020,ACTUALS,Smith,RD1459      
8/8/2020,ACTUALS,Smith,RD1459      
8/8/2020,ACTUALS,Smith,RD1459      
8/8/2020,ACTUALS,Smith,3N1602      
8/8/2020,ACTUALS,Smith,3N1606      
8/8/2020,ACTUALS,Smith,3N1609      
8/8/2020,ACTUALS,Smith,3N1610      
8/8/2020,ACTUALS,Smith,3N1612      
8/8/2020,ACTUALS,Smith,3N1613      
8/8/2020,ACTUALS,Smith,3N1614      
8/8/2020,ACTUALS,Smith,3N1620      
8/8/2020,ACTUALS,Smith,9U7528      
8/8/2020,ACTUALS,Murphy,YZ3604      
8/8/2020,ACTUALS,Garcia,8K1421      
8/8/2020,ACTUALS,Garcia,8K1421      
8/7/2020,ACTUALS,Wang,2DD292      
8/7/2020,ACTUALS,Wang,4E8319      
8/7/2020,ACTUALS,Wang,2JP478      
8/7/2020,ACTUALS,Garcia,2JQ306      
8/7/2020,ACTUALS,Garcia,RD1460      
8/7/2020,ACTUALS,Garcia,RD1460      
8/7/2020,ACTUALS,Smith,RD1459      
8/7/2020,ACTUALS,Smith,RD1459      
8/7/2020,ACTUALS,Smith,RD1459      
8/7/2020,ACTUALS,Smith,RD1459      
8/7/2020,ACTUALS,Ianova,1FD487      
8/7/2020,ACTUALS,Smith,YZ3602      
8/7/2020,ACTUALS,Murphy,4X1980      
8/7/2020,ACTUALS,Smith,3P4638      
8/7/2020,ACTUALS,Garcia,UV4978      
8/6/2020,ACTUALS,Wang,3P4618      
8/6/2020,ACTUALS,Wang,3P4637      
8/6/2020,ACTUALS,Wang,4W9732      
8/6/2020,ACTUALS,Wang,8Y1749      
8/6/2020,ACTUALS,Ianova,8K1421      
8/6/2020,ACTUALS,Ianova,8J2928      
8/6/2020,ACTUALS,Smith,RD1459      
8/6/2020,ACTUALS,Smith,RD1459      
8/6/2020,ACTUALS,Smith,RD1459      
8/6/2020,ACTUALS,Smith,RD1459      
8/6/2020,ACTUALS,Smith,RD1460      
8/6/2020,ACTUALS,Garcia,RP6696      
8/6/2020,ACTUALS,Murphy,7M3622      
8/6/2020,ACTUALS,Garcia,2MG251      
8/3/2020,ACTUALS,Smith,YU3661      
8/3/2020,ACTUALS,Smith,YU3661      
8/3/2020,ACTUALS,Wang,YU3661      
8/3/2020,ACTUALS,Wang,RD1460      
8/3/2020,ACTUALS,Wang,UV4978      
8/3/2020,ACTUALS,Wang,8X7229      
8/3/2020,ACTUALS,Garcia,YU3661      
8/3/2020,ACTUALS,Garcia,YU3661      
8/3/2020,ACTUALS,Garcia,7M6081      
8/3/2020,ACTUALS,Murphy,RD1460      
8/3/2020,ACTUALS,Ianova,RD1460      
8/3/2020,ACTUALS,Ianova,RD1460      
8/3/2020,ACTUALS,Ianova,RD1460      
8/3/2020,ACTUALS,Ianova,RD1460      
8/3/2020,ACTUALS,Murphy,YU3661      
8/3/2020,ACTUALS,Murphy,YU3661      
8/3/2020,ACTUALS,Murphy,YU3661      
8/3/2020,ACTUALS,Murphy,YU3661      
8/3/2020,ACTUALS,Murphy,YU3661      
8/3/2020,ACTUALS,Wang,RD1460      
8/3/2020,ACTUALS,Smith,RD1459      
8/3/2020,ACTUALS,Smith,RD1459      
8/3/2020,ACTUALS,Smith,RD1459      
8/3/2020,ACTUALS,Smith,YU3661      
8/3/2020,ACTUALS,Smith,YU3661      
8/3/2020,ACTUALS,Smith,YU3661      
8/3/2020,ACTUALS,Smith,YU3661      
8/3/2020,ACTUALS,Smith,YU3661      
8/3/2020,ACTUALS,Smith,YU3661      
8/3/2020,ACTUALS,Smith,YU3661      
8/3/2020,ACTUALS,Smith,YU3661      
8/3/2020,ACTUALS,Ianova,YZ3604      
8/3/2020,ACTUALS,Ianova,8J2548      
8/3/2020,ACTUALS,Smith,UV4978      
8/3/2020,ACTUALS,Murphy,RD1460      
8/3/2020,ACTUALS,Murphy,RD1459      
8/3/2020,ACTUALS,Garcia,YU3661      
8/3/2020,ACTUALS,Garcia,YU3661      
8/3/2020,ACTUALS,Garcia,YU3661      
8/3/2020,ACTUALS,Garcia,YU3661      
8/3/2020,ACTUALS,Garcia,YU3661      
8/3/2020,ACTUALS,Garcia,YU3661      
8/2/2020,ACTUALS,Wang,8K1421      
8/2/2020,ACTUALS,Garcia,2JP781      
8/2/2020,ACTUALS,Wang,RD1462      
8/2/2020,ACTUALS,Murphy,RD1459      
8/2/2020,ACTUALS,Murphy,8K1421      
8/2/2020,ACTUALS,Ianova,RD1460      
8/2/2020,ACTUALS,Ianova,RD1460      
8/2/2020,ACTUALS,Smith,RD1459      
8/2/2020,ACTUALS,Smith,RD1459      
8/2/2020,ACTUALS,Smith,RD1459      
8/2/2020,ACTUALS,Smith,RD1459      
8/2/2020,ACTUALS,Smith,RD1459      
8/2/2020,ACTUALS,Smith,RD1459      
8/2/2020,ACTUALS,Smith,RD1459      
8/2/2020,ACTUALS,Smith,RD1459      
8/2/2020,ACTUALS,Smith,RD1460      
8/2/2020,ACTUALS,Ianova,7M4535      
8/2/2020,ACTUALS,Ianova,7M4535      
8/2/2020,ACTUALS,Ianova,7M4536      
8/2/2020,ACTUALS,Ianova,7M4536      
8/2/2020,ACTUALS,Smith,3P4638      
8/2/2020,ACTUALS,Ianova,RD1460      
8/2/2020,ACTUALS,Ianova,RD1460      
8/2/2020,ACTUALS,Smith,RD1460      
8/2/2020,ACTUALS,Smith,RD1462      
8/2/2020,ACTUALS,Smith,YU3661      
8/2/2020,ACTUALS,Smith,3N1612      
8/2/2020,ACTUALS,Smith,3N1618      
8/2/2020,ACTUALS,Smith,9U7528      
8/2/2020,ACTUALS,Smith,3N1603      
8/2/2020,ACTUALS,Smith,3N1613      
8/2/2020,ACTUALS,Smith,3N1614      
8/2/2020,ACTUALS,Smith,3N1620      
8/2/2020,ACTUALS,Smith,9U7528      
8/2/2020,ACTUALS,Wang,RD1460      
8/2/2020,ACTUALS,Wang,8K1221      
8/2/2020,ACTUALS,Garcia,2MG251      
8/2/2020,ACTUALS,Garcia,2MG251      
8/2/2020,ACTUALS,Garcia,2MG251      
8/2/2020,ACTUALS,Garcia,2MG251      
8/2/2020,ACTUALS,Garcia,2MG251      
8/2/2020,ACTUALS,Garcia,2MG251      
8/2/2020,ACTUALS,Garcia,2MG251      
8/2/2020,ACTUALS,Garcia,2MG251      
8/2/2020,ACTUALS,Garcia,2MG251      
8/2/2020,ACTUALS,Garcia,2MG251      
8/2/2020,ACTUALS,Garcia,2MG251      
8/2/2020,ACTUALS,Garcia,2MG251      
8/2/2020,ACTUALS,Garcia,2MG251      
8/2/2020,ACTUALS,Garcia,2MG251      
8/2/2020,ACTUALS,Garcia,2MG251      
8/2/2020,ACTUALS,Garcia,2MG251      
8/2/2020,ACTUALS,Garcia,2MG251      
8/2/2020,ACTUALS,Garcia,2MG251      
8/2/2020,ACTUALS,Garcia,2MG251      
8/2/2020,ACTUALS,Garcia,2MG251      
8/2/2020,ACTUALS,Garcia,2MG251      
8/2/2020,ACTUALS,Garcia,2MG251      
8/2/2020,ACTUALS,Garcia,2MG251      
8/2/2020,ACTUALS,Garcia,2MG251      
8/2/2020,ACTUALS,Garcia,2MG251      
8/2/2020,ACTUALS,Garcia,2MG251      
8/2/2020,ACTUALS,Garcia,2MG251      
8/2/2020,ACTUALS,Garcia,2MG251      
8/2/2020,ACTUALS,Garcia,2MG251      
8/2/2020,ACTUALS,Garcia,2MG251      
8/2/2020,ACTUALS,Garcia,2MG251      
8/2/2020,ACTUALS,Garcia,2MG251      
8/2/2020,ACTUALS,Garcia,2MG251      
8/2/2020,ACTUALS,Garcia,2MG251      
8/2/2020,ACTUALS,Garcia,2MG251      
8/2/2020,ACTUALS,Garcia,2MG251      
8/2/2020,ACTUALS,Garcia,2MG251      
8/2/2020,ACTUALS,Garcia,2MG251      
8/2/2020,ACTUALS,Garcia,2MG251      
8/2/2020,ACTUALS,Garcia,2MG251      
8/2/2020,ACTUALS,Garcia,2MG251      
8/2/2020,ACTUALS,Garcia,2MG254      
8/2/2020,ACTUALS,Garcia,2MG254      
8/2/2020,ACTUALS,Garcia,2MG254      
8/2/2020,ACTUALS,Garcia,2MG257      
8/2/2020,ACTUALS,Garcia,3AU874      
8/2/2020,ACTUALS,Garcia,3AU874      
8/2/2020,ACTUALS,Garcia,3AU875      
8/2/2020,ACTUALS,Garcia,3AU875      
8/2/2020,ACTUALS,Garcia,3AU875      
8/2/2020,ACTUALS,Garcia,3AU875      
8/2/2020,ACTUALS,Garcia,3AU875      
8/2/2020,ACTUALS,Garcia,3AU875      
8/2/2020,ACTUALS,Garcia,3AU876      
8/2/2020,ACTUALS,Garcia,3AU876      
8/2/2020,ACTUALS,Garcia,3AU876      
8/2/2020,ACTUALS,Garcia,3AU876      
8/2/2020,ACTUALS,Garcia,3AU876      
8/2/2020,ACTUALS,Garcia,8K1421      
8/1/2020,ACTUALS,Wang,8X7230      
8/1/2020,ACTUALS,Ianova,7M6081      
8/1/2020,ACTUALS,Murphy,YU3661      
8/31/2020,PLAN,,110
9/30/2020,PLAN,,110
