Date,Scenario,CAE,Revenue
9/19/2020,ACTUALS,Wang,3120
9/28/2020,ACTUALS,Smith,2027
9/28/2020,ACTUALS,Smith,907.5
9/28/2020,ACTUALS,Wang,230
9/28/2020,ACTUALS,Wang,275
9/28/2020,ACTUALS,Wang,275
9/28/2020,ACTUALS,Wang,207.5
9/28/2020,ACTUALS,Wang,230
9/28/2020,ACTUALS,Wang,207.5
9/28/2020,ACTUALS,Wang,280
9/28/2020,ACTUALS,Garcia,3187
9/28/2020,ACTUALS,Garcia,487.5
9/28/2020,ACTUALS,Garcia,3966.25
9/28/2020,ACTUALS,Murphy,374
9/28/2020,ACTUALS,Garcia,537.78
9/28/2020,ACTUALS,Murphy,445.56
9/28/2020,ACTUALS,Ianova,320
9/28/2020,ACTUALS,Ianova,300
9/28/2020,ACTUALS,Murphy,100
9/28/2020,ACTUALS,Ianova,2975
9/28/2020,ACTUALS,Ianova,2125
9/28/2020,ACTUALS,Ianova,2125
9/28/2020,ACTUALS,Murphy,525
9/28/2020,ACTUALS,Murphy,1800
9/28/2020,ACTUALS,Murphy,2960
9/28/2020,ACTUALS,Murphy,11216.25
9/28/2020,ACTUALS,Wang,8150
9/28/2020,ACTUALS,Smith,468.24
9/28/2020,ACTUALS,Smith,820.43
9/28/2020,ACTUALS,Smith,499.79
9/28/2020,ACTUALS,Ianova,237.88
9/28/2020,ACTUALS,Smith,100
9/28/2020,ACTUALS,Smith,4180
9/28/2020,ACTUALS,Smith,1980
9/28/2020,ACTUALS,Smith,1980
9/28/2020,ACTUALS,Smith,1980
9/28/2020,ACTUALS,Smith,2590
9/28/2020,ACTUALS,Smith,995
9/28/2020,ACTUALS,Smith,1000
9/28/2020,ACTUALS,Smith,3000
9/28/2020,ACTUALS,Smith,3000
9/28/2020,ACTUALS,Smith,6000
9/28/2020,ACTUALS,Wang,1807
9/28/2020,ACTUALS,Wang,2550
9/28/2020,ACTUALS,Wang,2550
9/28/2020,ACTUALS,Wang,397.5
9/28/2020,ACTUALS,Wang,200
9/28/2020,ACTUALS,Wang,256.25
9/28/2020,ACTUALS,Wang,1250
9/28/2020,ACTUALS,Murphy,750
9/28/2020,ACTUALS,Murphy,3300
9/28/2020,ACTUALS,Murphy,3237
9/28/2020,ACTUALS,Murphy,2655
9/28/2020,ACTUALS,Murphy,1050
9/28/2020,ACTUALS,Murphy,8000
9/28/2020,ACTUALS,Murphy,5100
9/28/2020,ACTUALS,Murphy,2550
9/28/2020,ACTUALS,Murphy,6300
9/28/2020,ACTUALS,Murphy,5100
9/28/2020,ACTUALS,Garcia,360
9/28/2020,ACTUALS,Garcia,360
9/28/2020,ACTUALS,Garcia,360
9/28/2020,ACTUALS,Garcia,360
9/28/2020,ACTUALS,Garcia,360
9/28/2020,ACTUALS,Garcia,360
9/28/2020,ACTUALS,Garcia,360
9/28/2020,ACTUALS,Garcia,360
9/28/2020,ACTUALS,Garcia,360
9/28/2020,ACTUALS,Garcia,360
9/28/2020,ACTUALS,Garcia,360
9/28/2020,ACTUALS,Garcia,360
9/28/2020,ACTUALS,Garcia,360
9/28/2020,ACTUALS,Garcia,360
9/28/2020,ACTUALS,Garcia,360
9/28/2020,ACTUALS,Garcia,360
9/28/2020,ACTUALS,Garcia,360
9/28/2020,ACTUALS,Garcia,360
9/28/2020,ACTUALS,Garcia,360
9/28/2020,ACTUALS,Garcia,360
9/28/2020,ACTUALS,Garcia,360
9/28/2020,ACTUALS,Garcia,648
9/28/2020,ACTUALS,Garcia,648
9/28/2020,ACTUALS,Garcia,648
9/28/2020,ACTUALS,Garcia,648
9/28/2020,ACTUALS,Garcia,735
9/28/2020,ACTUALS,Garcia,525
9/28/2020,ACTUALS,Garcia,420
9/28/2020,ACTUALS,Garcia,735
9/28/2020,ACTUALS,Garcia,420
9/28/2020,ACTUALS,Garcia,735
9/28/2020,ACTUALS,Garcia,735
9/28/2020,ACTUALS,Garcia,1470
9/28/2020,ACTUALS,Garcia,630
9/28/2020,ACTUALS,Garcia,735
9/28/2020,ACTUALS,Garcia,735
9/28/2020,ACTUALS,Garcia,840
9/28/2020,ACTUALS,Garcia,840
9/28/2020,ACTUALS,Garcia,945
9/28/2020,ACTUALS,Garcia,1365
9/28/2020,ACTUALS,Garcia,105
9/28/2020,ACTUALS,Garcia,735
9/28/2020,ACTUALS,Garcia,75
9/28/2020,ACTUALS,Garcia,75
9/28/2020,ACTUALS,Garcia,75
9/28/2020,ACTUALS,Garcia,75
9/28/2020,ACTUALS,Garcia,75
9/28/2020,ACTUALS,Garcia,75
9/28/2020,ACTUALS,Garcia,75
9/28/2020,ACTUALS,Garcia,75
9/28/2020,ACTUALS,Garcia,75
9/28/2020,ACTUALS,Garcia,75
9/28/2020,ACTUALS,Garcia,75
9/28/2020,ACTUALS,Garcia,75
9/28/2020,ACTUALS,Garcia,75
9/28/2020,ACTUALS,Garcia,114
9/28/2020,ACTUALS,Garcia,76
9/28/2020,ACTUALS,Garcia,57
9/28/2020,ACTUALS,Garcia,95
9/28/2020,ACTUALS,Garcia,57
9/28/2020,ACTUALS,Garcia,95
9/28/2020,ACTUALS,Garcia,57
9/28/2020,ACTUALS,Garcia,57
9/28/2020,ACTUALS,Garcia,38
9/28/2020,ACTUALS,Garcia,95
9/28/2020,ACTUALS,Garcia,95
9/28/2020,ACTUALS,Garcia,228
9/28/2020,ACTUALS,Garcia,95
9/28/2020,ACTUALS,Garcia,228
9/28/2020,ACTUALS,Garcia,114
9/28/2020,ACTUALS,Garcia,171
9/28/2020,ACTUALS,Garcia,114
9/28/2020,ACTUALS,Garcia,228
9/28/2020,ACTUALS,Garcia,76
9/28/2020,ACTUALS,Garcia,171
9/28/2020,ACTUALS,Garcia,19
9/28/2020,ACTUALS,Garcia,19
9/28/2020,ACTUALS,Garcia,95
9/28/2020,ACTUALS,Garcia,19
9/28/2020,ACTUALS,Garcia,95
9/28/2020,ACTUALS,Garcia,95
9/28/2020,ACTUALS,Garcia,114
9/28/2020,ACTUALS,Garcia,114
9/28/2020,ACTUALS,Garcia,133
9/28/2020,ACTUALS,Garcia,209
9/28/2020,ACTUALS,Garcia,114
9/28/2020,ACTUALS,Garcia,95
9/28/2020,ACTUALS,Garcia,100
9/28/2020,ACTUALS,Garcia,100
9/28/2020,ACTUALS,Garcia,100
9/28/2020,ACTUALS,Garcia,100
9/28/2020,ACTUALS,Garcia,100
9/28/2020,ACTUALS,Garcia,100
9/28/2020,ACTUALS,Garcia,100
9/28/2020,ACTUALS,Garcia,100
9/28/2020,ACTUALS,Garcia,100
9/28/2020,ACTUALS,Garcia,100
9/28/2020,ACTUALS,Garcia,100
9/28/2020,ACTUALS,Garcia,100
9/28/2020,ACTUALS,Garcia,100
9/28/2020,ACTUALS,Garcia,100
9/28/2020,ACTUALS,Garcia,100
9/28/2020,ACTUALS,Garcia,5379.55
9/28/2020,ACTUALS,Garcia,1680
9/28/2020,ACTUALS,Garcia,390
9/27/2020,ACTUALS,Wang,1800
9/27/2020,ACTUALS,Wang,3000
9/27/2020,ACTUALS,Wang,100
9/27/2020,ACTUALS,Garcia,100
9/27/2020,ACTUALS,Garcia,100
9/27/2020,ACTUALS,Wang,100
9/27/2020,ACTUALS,Ianova,100
9/27/2020,ACTUALS,Ianova,230
9/27/2020,ACTUALS,Ianova,129.5
9/27/2020,ACTUALS,Ianova,280
9/27/2020,ACTUALS,Murphy,100
9/27/2020,ACTUALS,Murphy,100
9/27/2020,ACTUALS,Murphy,1100
9/27/2020,ACTUALS,Ianova,100
9/27/2020,ACTUALS,Ianova,15500
9/27/2020,ACTUALS,Ianova,332.5
9/27/2020,ACTUALS,Smith,100
9/27/2020,ACTUALS,Smith,100
9/27/2020,ACTUALS,Ianova,100
9/27/2020,ACTUALS,Smith,100
9/27/2020,ACTUALS,Smith,100
9/27/2020,ACTUALS,Smith,100
9/27/2020,ACTUALS,Ianova,-588
9/27/2020,ACTUALS,Smith,100
9/27/2020,ACTUALS,Smith,70
9/27/2020,ACTUALS,Smith,100
9/27/2020,ACTUALS,Smith,1785
9/27/2020,ACTUALS,Smith,100
9/27/2020,ACTUALS,Smith,100
9/27/2020,ACTUALS,Wang,100
9/27/2020,ACTUALS,Wang,100
9/27/2020,ACTUALS,Wang,100
9/27/2020,ACTUALS,Wang,100
9/27/2020,ACTUALS,Wang,100
9/27/2020,ACTUALS,Wang,100
9/27/2020,ACTUALS,Wang,100
9/27/2020,ACTUALS,Wang,3425
9/27/2020,ACTUALS,Wang,100
9/27/2020,ACTUALS,Murphy,125.56
9/27/2020,ACTUALS,Murphy,100
9/27/2020,ACTUALS,Murphy,100
9/27/2020,ACTUALS,Murphy,100
9/27/2020,ACTUALS,Murphy,13800
9/27/2020,ACTUALS,Murphy,100
9/27/2020,ACTUALS,Murphy,26250
9/27/2020,ACTUALS,Murphy,100
9/27/2020,ACTUALS,Murphy,100
9/27/2020,ACTUALS,Murphy,1605
9/27/2020,ACTUALS,Murphy,432.5
9/27/2020,ACTUALS,Murphy,100
9/27/2020,ACTUALS,Murphy,64360
9/27/2020,ACTUALS,Murphy,100
9/27/2020,ACTUALS,Murphy,100
9/27/2020,ACTUALS,Garcia,12750
9/27/2020,ACTUALS,Garcia,12750
9/27/2020,ACTUALS,Garcia,100
9/26/2020,ACTUALS,Garcia,1075
9/26/2020,ACTUALS,Wang,-2321
9/26/2020,ACTUALS,Wang,269.72
9/26/2020,ACTUALS,Wang,252.22
9/26/2020,ACTUALS,Wang,182.22
9/26/2020,ACTUALS,Garcia,100
9/26/2020,ACTUALS,Garcia,2720
9/26/2020,ACTUALS,Garcia,600
9/26/2020,ACTUALS,Garcia,424.72
9/26/2020,ACTUALS,Ianova,230
9/26/2020,ACTUALS,Ianova,230
9/26/2020,ACTUALS,Ianova,2800
9/26/2020,ACTUALS,Murphy,6809
9/26/2020,ACTUALS,Ianova,702.5
9/26/2020,ACTUALS,Garcia,6377.48
9/26/2020,ACTUALS,Smith,207.5
9/26/2020,ACTUALS,Smith,4180
9/26/2020,ACTUALS,Ianova,275
9/26/2020,ACTUALS,Smith,120
9/26/2020,ACTUALS,Smith,120
9/26/2020,ACTUALS,Smith,120
9/26/2020,ACTUALS,Smith,120
9/26/2020,ACTUALS,Ianova,2994
9/26/2020,ACTUALS,Smith,572
9/26/2020,ACTUALS,Smith,10
9/26/2020,ACTUALS,Smith,30
9/26/2020,ACTUALS,Smith,70
9/26/2020,ACTUALS,Smith,10
9/26/2020,ACTUALS,Smith,180
9/26/2020,ACTUALS,Smith,130
9/26/2020,ACTUALS,Smith,58
9/26/2020,ACTUALS,Smith,2618
9/26/2020,ACTUALS,Wang,6356.5
9/26/2020,ACTUALS,Wang,285
9/26/2020,ACTUALS,Murphy,50
9/26/2020,ACTUALS,Murphy,2400
9/26/2020,ACTUALS,Murphy,2400
9/26/2020,ACTUALS,Murphy,1200
9/26/2020,ACTUALS,Murphy,1425
9/26/2020,ACTUALS,Murphy,2100
9/26/2020,ACTUALS,Murphy,-3077
9/26/2020,ACTUALS,Murphy,485
9/26/2020,ACTUALS,Garcia,12750
9/26/2020,ACTUALS,Garcia,12750
9/26/2020,ACTUALS,Garcia,13600
9/26/2020,ACTUALS,Garcia,1050
9/26/2020,ACTUALS,Garcia,995
9/26/2020,ACTUALS,Garcia,1700
9/26/2020,ACTUALS,Garcia,1700
9/25/2020,ACTUALS,Smith,50
9/25/2020,ACTUALS,Wang,50
9/25/2020,ACTUALS,Wang,50
9/25/2020,ACTUALS,Wang,2040
9/25/2020,ACTUALS,Wang,50
9/25/2020,ACTUALS,Wang,50
9/25/2020,ACTUALS,Wang,50
9/25/2020,ACTUALS,Wang,50
9/25/2020,ACTUALS,Wang,50
9/25/2020,ACTUALS,Wang,435
9/25/2020,ACTUALS,Garcia,1200
9/25/2020,ACTUALS,Garcia,50
9/25/2020,ACTUALS,Garcia,50
9/25/2020,ACTUALS,Garcia,50
9/25/2020,ACTUALS,Garcia,50
9/25/2020,ACTUALS,Ianova,190
9/25/2020,ACTUALS,Ianova,50
9/25/2020,ACTUALS,Murphy,50
9/25/2020,ACTUALS,Ianova,50
9/25/2020,ACTUALS,Ianova,50
9/25/2020,ACTUALS,Murphy,1611.11
9/25/2020,ACTUALS,Ianova,2125
9/25/2020,ACTUALS,Ianova,865.5
9/25/2020,ACTUALS,Ianova,590
9/25/2020,ACTUALS,Ianova,140
9/25/2020,ACTUALS,Ianova,353.76
9/25/2020,ACTUALS,Ianova,162.5
9/25/2020,ACTUALS,Murphy,50
9/25/2020,ACTUALS,Murphy,389.28
9/25/2020,ACTUALS,Ianova,50
9/25/2020,ACTUALS,Murphy,50
9/25/2020,ACTUALS,Ianova,50
9/25/2020,ACTUALS,Murphy,50
9/25/2020,ACTUALS,Smith,1500
9/25/2020,ACTUALS,Smith,50
9/25/2020,ACTUALS,Smith,50
9/25/2020,ACTUALS,Ianova,50
9/25/2020,ACTUALS,Ianova,50
9/25/2020,ACTUALS,Smith,50
9/25/2020,ACTUALS,Smith,461.8
9/25/2020,ACTUALS,Garcia,6013.5
9/25/2020,ACTUALS,Garcia,50
9/25/2020,ACTUALS,Smith,50
9/25/2020,ACTUALS,Smith,636.51
9/25/2020,ACTUALS,Smith,50
9/25/2020,ACTUALS,Smith,50
9/25/2020,ACTUALS,Ianova,50
9/25/2020,ACTUALS,Ianova,879.5
9/25/2020,ACTUALS,Ianova,845
9/25/2020,ACTUALS,Ianova,1219.26
9/25/2020,ACTUALS,Ianova,860
9/25/2020,ACTUALS,Ianova,216.66
9/25/2020,ACTUALS,Ianova,891.5
9/25/2020,ACTUALS,Ianova,50
9/25/2020,ACTUALS,Smith,50
9/25/2020,ACTUALS,Smith,50
9/25/2020,ACTUALS,Ianova,50
9/25/2020,ACTUALS,Ianova,50
9/25/2020,ACTUALS,Garcia,50
9/25/2020,ACTUALS,Ianova,2810
9/25/2020,ACTUALS,Ianova,237.5
9/25/2020,ACTUALS,Ianova,190
9/25/2020,ACTUALS,Smith,50
9/25/2020,ACTUALS,Wang,50
9/25/2020,ACTUALS,Wang,50
9/25/2020,ACTUALS,Wang,50
9/25/2020,ACTUALS,Murphy,50
9/25/2020,ACTUALS,Murphy,360
9/25/2020,ACTUALS,Murphy,50
9/25/2020,ACTUALS,Murphy,50
9/25/2020,ACTUALS,Murphy,50
9/25/2020,ACTUALS,Murphy,165.56
9/25/2020,ACTUALS,Murphy,165.56
9/25/2020,ACTUALS,Murphy,165.56
9/25/2020,ACTUALS,Murphy,125.56
9/25/2020,ACTUALS,Murphy,125.56
9/25/2020,ACTUALS,Murphy,50
9/25/2020,ACTUALS,Murphy,2975
9/25/2020,ACTUALS,Murphy,50
9/25/2020,ACTUALS,Murphy,50
9/25/2020,ACTUALS,Murphy,50
9/25/2020,ACTUALS,Murphy,50
9/25/2020,ACTUALS,Murphy,50
9/25/2020,ACTUALS,Murphy,50
9/25/2020,ACTUALS,Murphy,50
9/25/2020,ACTUALS,Murphy,50
9/25/2020,ACTUALS,Murphy,2100
9/25/2020,ACTUALS,Garcia,210
9/25/2020,ACTUALS,Garcia,50
9/25/2020,ACTUALS,Garcia,50
9/25/2020,ACTUALS,Garcia,50
9/25/2020,ACTUALS,Garcia,50
9/25/2020,ACTUALS,Garcia,11050
9/25/2020,ACTUALS,Garcia,2070
9/24/2020,ACTUALS,Wang,2100
9/24/2020,ACTUALS,Wang,5200
9/24/2020,ACTUALS,Garcia,2400
9/24/2020,ACTUALS,Wang,5626
9/24/2020,ACTUALS,Murphy,15753.02
9/24/2020,ACTUALS,Ianova,8
9/24/2020,ACTUALS,Ianova,8
9/24/2020,ACTUALS,Murphy,2975
9/24/2020,ACTUALS,Garcia,1800
9/21/2020,ACTUALS,Smith,6517.5
9/21/2020,ACTUALS,Smith,302.5
9/21/2020,ACTUALS,Wang,100
9/21/2020,ACTUALS,Wang,300
9/21/2020,ACTUALS,Wang,3867.26
9/21/2020,ACTUALS,Wang,100
9/21/2020,ACTUALS,Wang,100
9/21/2020,ACTUALS,Wang,300
9/21/2020,ACTUALS,Wang,1050
9/21/2020,ACTUALS,Wang,300
9/21/2020,ACTUALS,Wang,300
9/21/2020,ACTUALS,Wang,252.5
9/21/2020,ACTUALS,Wang,162.5
9/21/2020,ACTUALS,Wang,230
9/21/2020,ACTUALS,Wang,275
9/21/2020,ACTUALS,Wang,275
9/21/2020,ACTUALS,Wang,162.5
9/21/2020,ACTUALS,Wang,180
9/21/2020,ACTUALS,Wang,320
9/21/2020,ACTUALS,Wang,230
9/21/2020,ACTUALS,Wang,691.26
9/21/2020,ACTUALS,Wang,560
9/21/2020,ACTUALS,Wang,330
9/21/2020,ACTUALS,Wang,242.5
9/21/2020,ACTUALS,Wang,190
9/21/2020,ACTUALS,Wang,207.5
9/21/2020,ACTUALS,Wang,190
9/21/2020,ACTUALS,Wang,1440
9/21/2020,ACTUALS,Wang,864.21
9/21/2020,ACTUALS,Garcia,487.5
9/21/2020,ACTUALS,Garcia,7452.5
9/21/2020,ACTUALS,Wang,300
9/21/2020,ACTUALS,Garcia,300
9/21/2020,ACTUALS,Garcia,300
9/21/2020,ACTUALS,Garcia,300
9/21/2020,ACTUALS,Garcia,300
9/21/2020,ACTUALS,Garcia,300
9/21/2020,ACTUALS,Murphy,300
9/21/2020,ACTUALS,Ianova,297.5
9/21/2020,ACTUALS,Ianova,150
9/21/2020,ACTUALS,Ianova,2083
9/21/2020,ACTUALS,Ianova,2083
9/21/2020,ACTUALS,Murphy,13150
9/21/2020,ACTUALS,Ianova,150
9/21/2020,ACTUALS,Murphy,2199.36
9/21/2020,ACTUALS,Ianova,150
9/21/2020,ACTUALS,Murphy,6300
9/21/2020,ACTUALS,Murphy,4680
9/21/2020,ACTUALS,Murphy,3935
9/21/2020,ACTUALS,Murphy,8101.25
9/21/2020,ACTUALS,Smith,284.59
9/21/2020,ACTUALS,Smith,151.11
9/21/2020,ACTUALS,Smith,1675
9/21/2020,ACTUALS,Smith,150
9/21/2020,ACTUALS,Ianova,696.5
9/21/2020,ACTUALS,Smith,384
9/21/2020,ACTUALS,Smith,30
9/21/2020,ACTUALS,Smith,10
9/21/2020,ACTUALS,Smith,10
9/21/2020,ACTUALS,Smith,70
9/21/2020,ACTUALS,Smith,445
9/21/2020,ACTUALS,Smith,4180
9/21/2020,ACTUALS,Smith,1980
9/21/2020,ACTUALS,Smith,1980
9/21/2020,ACTUALS,Smith,1980
9/21/2020,ACTUALS,Murphy,300
9/21/2020,ACTUALS,Smith,300
9/21/2020,ACTUALS,Smith,150
9/21/2020,ACTUALS,Smith,300
9/21/2020,ACTUALS,Smith,150
9/21/2020,ACTUALS,Garcia,2650
9/21/2020,ACTUALS,Garcia,2220
9/21/2020,ACTUALS,Smith,150
9/21/2020,ACTUALS,Smith,300
9/21/2020,ACTUALS,Wang,200
9/21/2020,ACTUALS,Wang,625
9/21/2020,ACTUALS,Murphy,6202.5
9/21/2020,ACTUALS,Murphy,3090
9/21/2020,ACTUALS,Murphy,1365
9/21/2020,ACTUALS,Murphy,150
9/21/2020,ACTUALS,Murphy,150
9/21/2020,ACTUALS,Murphy,300
9/21/2020,ACTUALS,Murphy,1050
9/21/2020,ACTUALS,Murphy,6300
9/21/2020,ACTUALS,Murphy,5100
9/21/2020,ACTUALS,Murphy,400
9/21/2020,ACTUALS,Garcia,3187
9/21/2020,ACTUALS,Garcia,300
9/21/2020,ACTUALS,Garcia,150
9/21/2020,ACTUALS,Garcia,360
9/21/2020,ACTUALS,Garcia,360
9/21/2020,ACTUALS,Garcia,360
9/21/2020,ACTUALS,Garcia,360
9/21/2020,ACTUALS,Garcia,360
9/21/2020,ACTUALS,Garcia,360
9/21/2020,ACTUALS,Garcia,360
9/21/2020,ACTUALS,Garcia,360
9/21/2020,ACTUALS,Garcia,360
9/21/2020,ACTUALS,Garcia,360
9/21/2020,ACTUALS,Garcia,360
9/21/2020,ACTUALS,Garcia,360
9/21/2020,ACTUALS,Garcia,360
9/21/2020,ACTUALS,Garcia,360
9/21/2020,ACTUALS,Garcia,360
9/21/2020,ACTUALS,Garcia,360
9/21/2020,ACTUALS,Garcia,360
9/21/2020,ACTUALS,Garcia,360
9/21/2020,ACTUALS,Garcia,360
9/21/2020,ACTUALS,Garcia,648
9/21/2020,ACTUALS,Garcia,648
9/21/2020,ACTUALS,Garcia,648
9/21/2020,ACTUALS,Garcia,735
9/21/2020,ACTUALS,Garcia,735
9/21/2020,ACTUALS,Garcia,1050
9/21/2020,ACTUALS,Garcia,315
9/21/2020,ACTUALS,Garcia,75
9/21/2020,ACTUALS,Garcia,75
9/21/2020,ACTUALS,Garcia,75
9/21/2020,ACTUALS,Garcia,19
9/21/2020,ACTUALS,Garcia,19
9/21/2020,ACTUALS,Garcia,19
9/21/2020,ACTUALS,Garcia,19
9/21/2020,ACTUALS,Garcia,19
9/21/2020,ACTUALS,Garcia,190
9/21/2020,ACTUALS,Garcia,19
9/21/2020,ACTUALS,Garcia,38
9/21/2020,ACTUALS,Garcia,95
9/21/2020,ACTUALS,Garcia,133
9/21/2020,ACTUALS,Garcia,38
9/21/2020,ACTUALS,Garcia,76
9/21/2020,ACTUALS,Garcia,171
9/21/2020,ACTUALS,Garcia,323
9/21/2020,ACTUALS,Garcia,76
9/21/2020,ACTUALS,Garcia,133
9/21/2020,ACTUALS,Garcia,152
9/21/2020,ACTUALS,Garcia,19
9/21/2020,ACTUALS,Garcia,133
9/21/2020,ACTUALS,Garcia,418
9/21/2020,ACTUALS,Garcia,76
9/21/2020,ACTUALS,Garcia,627
9/21/2020,ACTUALS,Garcia,475
9/21/2020,ACTUALS,Garcia,114
9/21/2020,ACTUALS,Garcia,19
9/21/2020,ACTUALS,Garcia,209
9/21/2020,ACTUALS,Garcia,19
9/21/2020,ACTUALS,Garcia,114
9/21/2020,ACTUALS,Garcia,19
9/21/2020,ACTUALS,Garcia,95
9/21/2020,ACTUALS,Garcia,95
9/21/2020,ACTUALS,Garcia,152
9/21/2020,ACTUALS,Garcia,38
9/21/2020,ACTUALS,Garcia,57
9/21/2020,ACTUALS,Garcia,100
9/21/2020,ACTUALS,Garcia,100
9/21/2020,ACTUALS,Garcia,100
9/21/2020,ACTUALS,Garcia,100
9/21/2020,ACTUALS,Garcia,100
9/21/2020,ACTUALS,Garcia,100
9/21/2020,ACTUALS,Garcia,100
9/21/2020,ACTUALS,Garcia,100
9/21/2020,ACTUALS,Garcia,100
9/21/2020,ACTUALS,Garcia,100
9/21/2020,ACTUALS,Garcia,100
9/21/2020,ACTUALS,Garcia,100
9/21/2020,ACTUALS,Garcia,100
9/21/2020,ACTUALS,Garcia,100
9/21/2020,ACTUALS,Garcia,100
9/21/2020,ACTUALS,Garcia,100
9/21/2020,ACTUALS,Garcia,100
9/21/2020,ACTUALS,Garcia,100
9/21/2020,ACTUALS,Garcia,100
9/21/2020,ACTUALS,Garcia,100
9/21/2020,ACTUALS,Garcia,100
9/21/2020,ACTUALS,Garcia,100
9/21/2020,ACTUALS,Garcia,100
9/21/2020,ACTUALS,Garcia,100
9/21/2020,ACTUALS,Garcia,100
9/21/2020,ACTUALS,Garcia,100
9/21/2020,ACTUALS,Garcia,100
9/21/2020,ACTUALS,Garcia,100
9/21/2020,ACTUALS,Garcia,100
9/21/2020,ACTUALS,Garcia,100
9/21/2020,ACTUALS,Garcia,100
9/21/2020,ACTUALS,Garcia,100
9/21/2020,ACTUALS,Garcia,100
9/21/2020,ACTUALS,Garcia,100
9/21/2020,ACTUALS,Garcia,100
9/21/2020,ACTUALS,Garcia,100
9/21/2020,ACTUALS,Garcia,100
9/21/2020,ACTUALS,Garcia,100
9/21/2020,ACTUALS,Garcia,100
9/21/2020,ACTUALS,Garcia,100
9/21/2020,ACTUALS,Garcia,100
9/21/2020,ACTUALS,Garcia,100
9/21/2020,ACTUALS,Garcia,100
9/21/2020,ACTUALS,Garcia,100
9/21/2020,ACTUALS,Garcia,100
9/21/2020,ACTUALS,Garcia,100
9/21/2020,ACTUALS,Garcia,100
9/21/2020,ACTUALS,Garcia,100
9/21/2020,ACTUALS,Garcia,300
9/21/2020,ACTUALS,Garcia,300
9/21/2020,ACTUALS,Garcia,300
9/21/2020,ACTUALS,Garcia,300
9/20/2020,ACTUALS,Garcia,2192
9/20/2020,ACTUALS,Ianova,2815
9/20/2020,ACTUALS,Ianova,742.5
9/20/2020,ACTUALS,Ianova,2125
9/20/2020,ACTUALS,Ianova,3360
9/20/2020,ACTUALS,Ianova,2240
9/20/2020,ACTUALS,Ianova,2800
9/20/2020,ACTUALS,Smith,1392.8
9/20/2020,ACTUALS,Ianova,224
9/20/2020,ACTUALS,Murphy,400
9/20/2020,ACTUALS,Murphy,935
9/20/2020,ACTUALS,Murphy,2996.25
9/20/2020,ACTUALS,Murphy,297.5
9/20/2020,ACTUALS,Garcia,2240
9/20/2020,ACTUALS,Garcia,850
9/20/2020,ACTUALS,Garcia,1485
9/20/2020,ACTUALS,Garcia,1800
9/19/2020,ACTUALS,Wang,2100
9/19/2020,ACTUALS,Wang,410
9/19/2020,ACTUALS,Murphy,1116.5
9/19/2020,ACTUALS,Murphy,1330
9/19/2020,ACTUALS,Garcia,381.39
9/19/2020,ACTUALS,Garcia,9197
9/19/2020,ACTUALS,Garcia,11000
9/19/2020,ACTUALS,Ianova,2520
9/19/2020,ACTUALS,Smith,1103.14
9/19/2020,ACTUALS,Murphy,190
9/19/2020,ACTUALS,Murphy,190
9/19/2020,ACTUALS,Murphy,2400
9/19/2020,ACTUALS,Garcia,973.82
9/18/2020,ACTUALS,Wang,-2813
9/18/2020,ACTUALS,Wang,775
9/18/2020,ACTUALS,Garcia,7585
9/18/2020,ACTUALS,Wang,9675
9/18/2020,ACTUALS,Murphy,-0.01
9/18/2020,ACTUALS,Wang,-750
9/18/2020,ACTUALS,Smith,10
9/18/2020,ACTUALS,Smith,560
9/18/2020,ACTUALS,Ianova,5160
9/18/2020,ACTUALS,Smith,765
9/18/2020,ACTUALS,Smith,1710.5
9/18/2020,ACTUALS,Wang,2763
9/18/2020,ACTUALS,Murphy,4060.97
9/18/2020,ACTUALS,Murphy,1251
9/17/2020,ACTUALS,Wang,2975
9/17/2020,ACTUALS,Wang,2100
9/17/2020,ACTUALS,Wang,9400
9/17/2020,ACTUALS,Wang,3750
9/17/2020,ACTUALS,Wang,3000
9/17/2020,ACTUALS,Wang,3000
9/17/2020,ACTUALS,Wang,3228
9/17/2020,ACTUALS,Wang,1595
9/17/2020,ACTUALS,Wang,1900
9/17/2020,ACTUALS,Wang,60
9/17/2020,ACTUALS,Wang,60
9/17/2020,ACTUALS,Wang,145
9/17/2020,ACTUALS,Murphy,7225
9/17/2020,ACTUALS,Garcia,1500
9/17/2020,ACTUALS,Ianova,504
9/17/2020,ACTUALS,Ianova,522.5
9/17/2020,ACTUALS,Ianova,252.5
9/17/2020,ACTUALS,Ianova,2125
9/17/2020,ACTUALS,Ianova,320
9/17/2020,ACTUALS,Ianova,255
9/17/2020,ACTUALS,Ianova,140
9/17/2020,ACTUALS,Ianova,330
9/17/2020,ACTUALS,Ianova,185
9/17/2020,ACTUALS,Ianova,320
9/17/2020,ACTUALS,Ianova,210
9/17/2020,ACTUALS,Ianova,230
9/17/2020,ACTUALS,Murphy,25200
9/17/2020,ACTUALS,Murphy,140
9/17/2020,ACTUALS,Ianova,1200
9/17/2020,ACTUALS,Murphy,0.01
9/17/2020,ACTUALS,Smith,221.11
9/17/2020,ACTUALS,Smith,334.77
9/17/2020,ACTUALS,Ianova,820
9/17/2020,ACTUALS,Smith,995
9/17/2020,ACTUALS,Murphy,125.56
9/17/2020,ACTUALS,Murphy,1605
9/17/2020,ACTUALS,Murphy,282
9/17/2020,ACTUALS,Murphy,3200
9/17/2020,ACTUALS,Garcia,752.5
9/17/2020,ACTUALS,Garcia,500
9/17/2020,ACTUALS,Garcia,495
9/17/2020,ACTUALS,Garcia,995
9/17/2020,ACTUALS,Garcia,1035
9/14/2020,ACTUALS,Smith,3323.25
9/14/2020,ACTUALS,Wang,305
9/14/2020,ACTUALS,Wang,492.5
9/14/2020,ACTUALS,Wang,1855.56
9/14/2020,ACTUALS,Wang,450
9/14/2020,ACTUALS,Murphy,1116.5
9/14/2020,ACTUALS,Murphy,1330
9/14/2020,ACTUALS,Murphy,2125
9/14/2020,ACTUALS,Murphy,250
9/14/2020,ACTUALS,Garcia,150
9/14/2020,ACTUALS,Garcia,1690
9/14/2020,ACTUALS,Garcia,-50
9/14/2020,ACTUALS,Garcia,1690
9/14/2020,ACTUALS,Garcia,185
9/14/2020,ACTUALS,Garcia,455
9/14/2020,ACTUALS,Garcia,320
9/14/2020,ACTUALS,Ianova,3187
9/14/2020,ACTUALS,Murphy,297.5
9/14/2020,ACTUALS,Ianova,8650
9/14/2020,ACTUALS,Ianova,590
9/14/2020,ACTUALS,Ianova,525
9/14/2020,ACTUALS,Murphy,1987.5
9/14/2020,ACTUALS,Murphy,18600
9/14/2020,ACTUALS,Murphy,4220
9/14/2020,ACTUALS,Ianova,834.5
9/14/2020,ACTUALS,Smith,2975
9/14/2020,ACTUALS,Smith,205
9/14/2020,ACTUALS,Smith,205
9/14/2020,ACTUALS,Smith,205
9/14/2020,ACTUALS,Smith,205
9/14/2020,ACTUALS,Smith,205
9/14/2020,ACTUALS,Smith,205
9/14/2020,ACTUALS,Smith,205
9/14/2020,ACTUALS,Smith,205
9/14/2020,ACTUALS,Smith,205
9/14/2020,ACTUALS,Smith,205
9/14/2020,ACTUALS,Smith,205
9/14/2020,ACTUALS,Smith,205
9/14/2020,ACTUALS,Smith,205
9/14/2020,ACTUALS,Smith,205
9/14/2020,ACTUALS,Smith,205
9/14/2020,ACTUALS,Smith,205
9/14/2020,ACTUALS,Smith,205
9/14/2020,ACTUALS,Smith,205
9/14/2020,ACTUALS,Smith,205
9/14/2020,ACTUALS,Smith,205
9/14/2020,ACTUALS,Smith,205
9/14/2020,ACTUALS,Smith,205
9/14/2020,ACTUALS,Smith,205
9/14/2020,ACTUALS,Smith,205
9/14/2020,ACTUALS,Smith,205
9/14/2020,ACTUALS,Smith,205
9/14/2020,ACTUALS,Smith,205
9/14/2020,ACTUALS,Smith,205
9/14/2020,ACTUALS,Smith,205
9/14/2020,ACTUALS,Smith,205
9/14/2020,ACTUALS,Smith,205
9/14/2020,ACTUALS,Smith,205
9/14/2020,ACTUALS,Smith,205
9/14/2020,ACTUALS,Smith,205
9/14/2020,ACTUALS,Smith,-2695
9/14/2020,ACTUALS,Smith,2695
9/14/2020,ACTUALS,Murphy,1560
9/14/2020,ACTUALS,Murphy,562.5
9/14/2020,ACTUALS,Murphy,187.5
9/14/2020,ACTUALS,Murphy,6300
9/14/2020,ACTUALS,Murphy,900
9/14/2020,ACTUALS,Murphy,5100
9/14/2020,ACTUALS,Murphy,2550
9/14/2020,ACTUALS,Murphy,5100
9/14/2020,ACTUALS,Garcia,2125
9/14/2020,ACTUALS,Garcia,145
9/13/2020,ACTUALS,Wang,242.5
9/13/2020,ACTUALS,Ianova,190
9/13/2020,ACTUALS,Smith,4560
9/13/2020,ACTUALS,Murphy,125.56
9/13/2020,ACTUALS,Murphy,2020
9/13/2020,ACTUALS,Garcia,360
9/13/2020,ACTUALS,Garcia,360
9/13/2020,ACTUALS,Garcia,360
9/13/2020,ACTUALS,Garcia,360
9/13/2020,ACTUALS,Garcia,360
9/13/2020,ACTUALS,Garcia,360
9/13/2020,ACTUALS,Garcia,360
9/13/2020,ACTUALS,Garcia,360
9/13/2020,ACTUALS,Garcia,360
9/13/2020,ACTUALS,Garcia,360
9/13/2020,ACTUALS,Garcia,360
9/13/2020,ACTUALS,Garcia,360
9/13/2020,ACTUALS,Garcia,360
9/13/2020,ACTUALS,Garcia,360
9/13/2020,ACTUALS,Garcia,360
9/13/2020,ACTUALS,Garcia,360
9/13/2020,ACTUALS,Garcia,360
9/13/2020,ACTUALS,Garcia,360
9/13/2020,ACTUALS,Garcia,360
9/13/2020,ACTUALS,Garcia,360
9/13/2020,ACTUALS,Garcia,360
9/13/2020,ACTUALS,Garcia,360
9/13/2020,ACTUALS,Garcia,360
9/13/2020,ACTUALS,Garcia,360
9/13/2020,ACTUALS,Garcia,360
9/13/2020,ACTUALS,Garcia,360
9/13/2020,ACTUALS,Garcia,360
9/13/2020,ACTUALS,Garcia,360
9/13/2020,ACTUALS,Garcia,360
9/13/2020,ACTUALS,Garcia,360
9/13/2020,ACTUALS,Garcia,648
9/13/2020,ACTUALS,Garcia,648
9/13/2020,ACTUALS,Garcia,648
9/13/2020,ACTUALS,Garcia,525
9/13/2020,ACTUALS,Garcia,735
9/13/2020,ACTUALS,Garcia,1155
9/13/2020,ACTUALS,Garcia,1155
9/13/2020,ACTUALS,Garcia,525
9/13/2020,ACTUALS,Garcia,210
9/13/2020,ACTUALS,Garcia,140
9/13/2020,ACTUALS,Garcia,150
9/13/2020,ACTUALS,Garcia,150
9/13/2020,ACTUALS,Garcia,75
9/13/2020,ACTUALS,Garcia,75
9/13/2020,ACTUALS,Garcia,75
9/13/2020,ACTUALS,Garcia,76
9/13/2020,ACTUALS,Garcia,95
9/13/2020,ACTUALS,Garcia,171
9/13/2020,ACTUALS,Garcia,19
9/13/2020,ACTUALS,Garcia,76
9/13/2020,ACTUALS,Garcia,171
9/13/2020,ACTUALS,Garcia,76
9/13/2020,ACTUALS,Garcia,133
9/13/2020,ACTUALS,Garcia,38
9/13/2020,ACTUALS,Garcia,57
9/13/2020,ACTUALS,Garcia,133
9/13/2020,ACTUALS,Garcia,114
9/13/2020,ACTUALS,Garcia,19
9/13/2020,ACTUALS,Garcia,19
9/13/2020,ACTUALS,Garcia,19
9/13/2020,ACTUALS,Garcia,19
9/13/2020,ACTUALS,Garcia,100
9/13/2020,ACTUALS,Garcia,100
9/13/2020,ACTUALS,Garcia,100
9/13/2020,ACTUALS,Garcia,100
9/13/2020,ACTUALS,Garcia,100
9/13/2020,ACTUALS,Garcia,100
9/13/2020,ACTUALS,Garcia,100
9/13/2020,ACTUALS,Garcia,100
9/13/2020,ACTUALS,Garcia,100
9/13/2020,ACTUALS,Garcia,100
9/13/2020,ACTUALS,Garcia,100
9/13/2020,ACTUALS,Garcia,100
9/13/2020,ACTUALS,Garcia,100
9/13/2020,ACTUALS,Garcia,100
9/13/2020,ACTUALS,Garcia,100
9/13/2020,ACTUALS,Garcia,100
9/13/2020,ACTUALS,Garcia,100
9/13/2020,ACTUALS,Garcia,100
9/12/2020,ACTUALS,Wang,2100
9/12/2020,ACTUALS,Wang,1688
9/12/2020,ACTUALS,Wang,4100
9/12/2020,ACTUALS,Wang,400
9/12/2020,ACTUALS,Wang,365
9/12/2020,ACTUALS,Murphy,186.67
9/12/2020,ACTUALS,Ianova,230
9/12/2020,ACTUALS,Ianova,320
9/12/2020,ACTUALS,Smith,189.7
9/12/2020,ACTUALS,Smith,1103.14
9/12/2020,ACTUALS,Ianova,521.26
9/12/2020,ACTUALS,Ianova,785
9/12/2020,ACTUALS,Smith,190
9/12/2020,ACTUALS,Smith,285
9/12/2020,ACTUALS,Smith,190
9/12/2020,ACTUALS,Smith,285
9/12/2020,ACTUALS,Smith,995
9/12/2020,ACTUALS,Smith,8
9/12/2020,ACTUALS,Smith,1050
9/12/2020,ACTUALS,Smith,500
9/12/2020,ACTUALS,Smith,630
9/12/2020,ACTUALS,Smith,530
9/12/2020,ACTUALS,Wang,990
9/12/2020,ACTUALS,Murphy,2650
9/12/2020,ACTUALS,Murphy,2660
9/12/2020,ACTUALS,Murphy,3190
9/12/2020,ACTUALS,Garcia,1945
9/11/2020,ACTUALS,Wang,100
9/11/2020,ACTUALS,Garcia,100
9/11/2020,ACTUALS,Garcia,100
9/11/2020,ACTUALS,Ianova,140
9/11/2020,ACTUALS,Ianova,254
9/11/2020,ACTUALS,Wang,750
9/11/2020,ACTUALS,Smith,2400
9/11/2020,ACTUALS,Ianova,23565
9/11/2020,ACTUALS,Ianova,230
9/11/2020,ACTUALS,Murphy,223
9/11/2020,ACTUALS,Murphy,125.56
9/11/2020,ACTUALS,Murphy,1200
9/11/2020,ACTUALS,Murphy,1200
9/11/2020,ACTUALS,Garcia,360
9/11/2020,ACTUALS,Garcia,360
9/11/2020,ACTUALS,Garcia,76
9/11/2020,ACTUALS,Garcia,171
9/11/2020,ACTUALS,Garcia,100
9/11/2020,ACTUALS,Garcia,100
9/11/2020,ACTUALS,Garcia,3040
9/11/2020,ACTUALS,Garcia,100
9/10/2020,ACTUALS,Murphy,995
9/10/2020,ACTUALS,Ianova,445
9/10/2020,ACTUALS,Smith,0
9/10/2020,ACTUALS,Smith,0
9/10/2020,ACTUALS,Smith,0
9/10/2020,ACTUALS,Smith,0
9/10/2020,ACTUALS,Smith,0
9/10/2020,ACTUALS,Smith,0
9/10/2020,ACTUALS,Smith,0
9/10/2020,ACTUALS,Smith,0
9/10/2020,ACTUALS,Smith,0
9/10/2020,ACTUALS,Murphy,2810
9/10/2020,ACTUALS,Murphy,350
9/10/2020,ACTUALS,Murphy,190
9/10/2020,ACTUALS,Murphy,-350
9/10/2020,ACTUALS,Murphy,-190
9/10/2020,ACTUALS,Garcia,1485
9/10/2020,ACTUALS,Garcia,1485
9/7/2020,ACTUALS,Smith,287.25
9/7/2020,ACTUALS,Smith,302.5
9/7/2020,ACTUALS,Wang,225
9/7/2020,ACTUALS,Wang,300
9/7/2020,ACTUALS,Wang,275
9/7/2020,ACTUALS,Wang,302.5
9/7/2020,ACTUALS,Wang,207.5
9/7/2020,ACTUALS,Murphy,1116.5
9/7/2020,ACTUALS,Murphy,2660
9/7/2020,ACTUALS,Garcia,300
9/7/2020,ACTUALS,Garcia,445
9/7/2020,ACTUALS,Garcia,400
9/7/2020,ACTUALS,Murphy,140
9/7/2020,ACTUALS,Murphy,140
9/7/2020,ACTUALS,Murphy,850
9/7/2020,ACTUALS,Murphy,2400
9/7/2020,ACTUALS,Ianova,-15500
9/7/2020,ACTUALS,Murphy,6000
9/7/2020,ACTUALS,Murphy,6427.5
9/7/2020,ACTUALS,Wang,3460
9/7/2020,ACTUALS,Smith,818.45
9/7/2020,ACTUALS,Garcia,8663.89
9/7/2020,ACTUALS,Ianova,185
9/7/2020,ACTUALS,Smith,2590
9/7/2020,ACTUALS,Smith,345
9/7/2020,ACTUALS,Wang,252.5
9/7/2020,ACTUALS,Wang,912.5
9/7/2020,ACTUALS,Murphy,165.56
9/7/2020,ACTUALS,Murphy,3500
9/7/2020,ACTUALS,Murphy,300
9/7/2020,ACTUALS,Murphy,400
9/7/2020,ACTUALS,Murphy,6300
9/7/2020,ACTUALS,Murphy,1125
9/7/2020,ACTUALS,Murphy,5220
9/7/2020,ACTUALS,Murphy,6300
9/7/2020,ACTUALS,Garcia,5011.33
9/6/2020,ACTUALS,Wang,4000
9/6/2020,ACTUALS,Wang,260
9/6/2020,ACTUALS,Wang,260
9/6/2020,ACTUALS,Wang,260
9/6/2020,ACTUALS,Wang,260
9/6/2020,ACTUALS,Wang,260
9/6/2020,ACTUALS,Smith,1400
9/6/2020,ACTUALS,Smith,2100
9/6/2020,ACTUALS,Garcia,360
9/6/2020,ACTUALS,Garcia,360
9/6/2020,ACTUALS,Garcia,360
9/6/2020,ACTUALS,Garcia,360
9/6/2020,ACTUALS,Garcia,360
9/6/2020,ACTUALS,Garcia,360
9/6/2020,ACTUALS,Garcia,360
9/6/2020,ACTUALS,Garcia,360
9/6/2020,ACTUALS,Garcia,360
9/6/2020,ACTUALS,Garcia,360
9/6/2020,ACTUALS,Garcia,360
9/6/2020,ACTUALS,Garcia,360
9/6/2020,ACTUALS,Garcia,360
9/6/2020,ACTUALS,Garcia,360
9/6/2020,ACTUALS,Garcia,360
9/6/2020,ACTUALS,Garcia,360
9/6/2020,ACTUALS,Garcia,360
9/6/2020,ACTUALS,Garcia,360
9/6/2020,ACTUALS,Garcia,360
9/6/2020,ACTUALS,Garcia,360
9/6/2020,ACTUALS,Garcia,360
9/6/2020,ACTUALS,Garcia,360
9/6/2020,ACTUALS,Garcia,360
9/6/2020,ACTUALS,Garcia,360
9/6/2020,ACTUALS,Garcia,360
9/6/2020,ACTUALS,Garcia,360
9/6/2020,ACTUALS,Garcia,360
9/6/2020,ACTUALS,Garcia,648
9/6/2020,ACTUALS,Garcia,648
9/6/2020,ACTUALS,Garcia,1050
9/6/2020,ACTUALS,Garcia,1260
9/6/2020,ACTUALS,Garcia,105
9/6/2020,ACTUALS,Garcia,735
9/6/2020,ACTUALS,Garcia,945
9/6/2020,ACTUALS,Garcia,630
9/6/2020,ACTUALS,Garcia,420
9/6/2020,ACTUALS,Garcia,630
9/6/2020,ACTUALS,Garcia,210
9/6/2020,ACTUALS,Garcia,280
9/6/2020,ACTUALS,Garcia,150
9/6/2020,ACTUALS,Garcia,75
9/6/2020,ACTUALS,Garcia,75
9/6/2020,ACTUALS,Garcia,75
9/6/2020,ACTUALS,Garcia,75
9/6/2020,ACTUALS,Garcia,75
9/6/2020,ACTUALS,Garcia,75
9/6/2020,ACTUALS,Garcia,75
9/6/2020,ACTUALS,Garcia,152
9/6/2020,ACTUALS,Garcia,190
9/6/2020,ACTUALS,Garcia,228
9/6/2020,ACTUALS,Garcia,95
9/6/2020,ACTUALS,Garcia,133
9/6/2020,ACTUALS,Garcia,76
9/6/2020,ACTUALS,Garcia,57
9/6/2020,ACTUALS,Garcia,76
9/6/2020,ACTUALS,Garcia,19
9/6/2020,ACTUALS,Garcia,38
9/6/2020,ACTUALS,Garcia,19
9/6/2020,ACTUALS,Garcia,19
9/6/2020,ACTUALS,Garcia,19
9/6/2020,ACTUALS,Garcia,38
9/6/2020,ACTUALS,Garcia,38
9/6/2020,ACTUALS,Garcia,152
9/6/2020,ACTUALS,Garcia,133
9/6/2020,ACTUALS,Garcia,19
9/6/2020,ACTUALS,Garcia,76
9/6/2020,ACTUALS,Garcia,114
9/6/2020,ACTUALS,Garcia,247
9/6/2020,ACTUALS,Garcia,133
9/6/2020,ACTUALS,Garcia,114
9/6/2020,ACTUALS,Garcia,19
9/6/2020,ACTUALS,Garcia,100
9/6/2020,ACTUALS,Garcia,100
9/6/2020,ACTUALS,Garcia,100
9/6/2020,ACTUALS,Garcia,100
9/6/2020,ACTUALS,Garcia,100
9/6/2020,ACTUALS,Garcia,100
9/6/2020,ACTUALS,Garcia,100
9/6/2020,ACTUALS,Garcia,100
9/6/2020,ACTUALS,Garcia,100
9/6/2020,ACTUALS,Garcia,100
9/6/2020,ACTUALS,Garcia,100
9/6/2020,ACTUALS,Garcia,100
9/6/2020,ACTUALS,Garcia,100
9/6/2020,ACTUALS,Garcia,100
9/6/2020,ACTUALS,Garcia,100
9/6/2020,ACTUALS,Garcia,100
9/6/2020,ACTUALS,Garcia,100
9/6/2020,ACTUALS,Garcia,100
9/6/2020,ACTUALS,Garcia,1785
9/5/2020,ACTUALS,Wang,1035
9/5/2020,ACTUALS,Garcia,316.11
9/5/2020,ACTUALS,Garcia,492.22
9/5/2020,ACTUALS,Ianova,1890
9/5/2020,ACTUALS,Ianova,185
9/5/2020,ACTUALS,Smith,414.8
9/5/2020,ACTUALS,Smith,1342
9/5/2020,ACTUALS,Smith,15456
9/5/2020,ACTUALS,Smith,2100
9/5/2020,ACTUALS,Murphy,1220
9/5/2020,ACTUALS,Murphy,3300
9/5/2020,ACTUALS,Murphy,140
9/5/2020,ACTUALS,Garcia,297.5
9/5/2020,ACTUALS,Garcia,1680
9/4/2020,ACTUALS,Murphy,1280
9/4/2020,ACTUALS,Murphy,1070
9/4/2020,ACTUALS,Murphy,828
9/4/2020,ACTUALS,Smith,2550
9/4/2020,ACTUALS,Ianova,1500
9/4/2020,ACTUALS,Smith,6600
9/4/2020,ACTUALS,Murphy,1200
9/4/2020,ACTUALS,Garcia,-300
9/4/2020,ACTUALS,Garcia,300
8/31/2020,ACTUALS,Wang,-1965
8/31/2020,ACTUALS,Wang,820
8/31/2020,ACTUALS,Wang,3315
8/31/2020,ACTUALS,Wang,305.1
8/31/2020,ACTUALS,Wang,4250
8/31/2020,ACTUALS,Garcia,222.22
8/31/2020,ACTUALS,Garcia,582.22
8/31/2020,ACTUALS,Ianova,180
8/31/2020,ACTUALS,Murphy,230
8/31/2020,ACTUALS,Murphy,140
8/31/2020,ACTUALS,Ianova,432.5
8/31/2020,ACTUALS,Ianova,185
8/31/2020,ACTUALS,Ianova,455
8/31/2020,ACTUALS,Ianova,365
8/31/2020,ACTUALS,Ianova,140
8/31/2020,ACTUALS,Smith,2240
8/31/2020,ACTUALS,Smith,1323.14
8/31/2020,ACTUALS,Smith,1498.78
8/31/2020,ACTUALS,Ianova,2760
8/31/2020,ACTUALS,Smith,2762
8/31/2020,ACTUALS,Wang,569.4
8/31/2020,ACTUALS,Murphy,102.23
8/31/2020,ACTUALS,Murphy,55
8/31/2020,ACTUALS,Murphy,90.56
8/31/2020,ACTUALS,Murphy,160.56
8/31/2020,ACTUALS,Murphy,1500
8/31/2020,ACTUALS,Garcia,360
8/31/2020,ACTUALS,Garcia,360
8/31/2020,ACTUALS,Garcia,360
8/31/2020,ACTUALS,Garcia,360
8/31/2020,ACTUALS,Garcia,360
8/31/2020,ACTUALS,Garcia,360
8/31/2020,ACTUALS,Garcia,360
8/31/2020,ACTUALS,Garcia,360
8/31/2020,ACTUALS,Garcia,360
8/31/2020,ACTUALS,Garcia,360
8/31/2020,ACTUALS,Garcia,360
8/31/2020,ACTUALS,Garcia,360
8/31/2020,ACTUALS,Garcia,360
8/31/2020,ACTUALS,Garcia,360
8/31/2020,ACTUALS,Garcia,360
8/31/2020,ACTUALS,Garcia,360
8/31/2020,ACTUALS,Garcia,360
8/31/2020,ACTUALS,Garcia,360
8/31/2020,ACTUALS,Garcia,360
8/31/2020,ACTUALS,Garcia,360
8/31/2020,ACTUALS,Garcia,360
8/31/2020,ACTUALS,Garcia,360
8/31/2020,ACTUALS,Garcia,360
8/31/2020,ACTUALS,Garcia,360
8/31/2020,ACTUALS,Garcia,360
8/31/2020,ACTUALS,Garcia,360
8/31/2020,ACTUALS,Garcia,360
8/31/2020,ACTUALS,Garcia,360
8/31/2020,ACTUALS,Garcia,360
8/31/2020,ACTUALS,Garcia,360
8/31/2020,ACTUALS,Garcia,648
8/31/2020,ACTUALS,Garcia,1050
8/31/2020,ACTUALS,Garcia,1365
8/31/2020,ACTUALS,Garcia,840
8/31/2020,ACTUALS,Garcia,75
8/31/2020,ACTUALS,Garcia,75
8/31/2020,ACTUALS,Garcia,75
8/31/2020,ACTUALS,Garcia,152
8/31/2020,ACTUALS,Garcia,209
8/31/2020,ACTUALS,Garcia,114
8/31/2020,ACTUALS,Garcia,114
8/31/2020,ACTUALS,Garcia,152
8/31/2020,ACTUALS,Garcia,38
8/31/2020,ACTUALS,Garcia,266
8/31/2020,ACTUALS,Garcia,100
8/31/2020,ACTUALS,Garcia,100
8/31/2020,ACTUALS,Garcia,100
8/31/2020,ACTUALS,Garcia,100
8/31/2020,ACTUALS,Garcia,100
8/31/2020,ACTUALS,Garcia,100
8/31/2020,ACTUALS,Garcia,100
8/31/2020,ACTUALS,Garcia,-6120
8/31/2020,ACTUALS,Garcia,6120
8/31/2020,ACTUALS,Garcia,-7650
8/30/2020,ACTUALS,Smith,2722.5
8/30/2020,ACTUALS,Wang,225
8/30/2020,ACTUALS,Murphy,-1350
8/30/2020,ACTUALS,Garcia,1950
8/30/2020,ACTUALS,Garcia,920
8/30/2020,ACTUALS,Murphy,483.89
8/30/2020,ACTUALS,Murphy,5500
8/30/2020,ACTUALS,Murphy,325
8/30/2020,ACTUALS,Murphy,2400
8/30/2020,ACTUALS,Murphy,36300
8/30/2020,ACTUALS,Murphy,3965
8/30/2020,ACTUALS,Murphy,11351.25
8/30/2020,ACTUALS,Smith,1012.5
8/30/2020,ACTUALS,Smith,678.45
8/30/2020,ACTUALS,Smith,682.5
8/30/2020,ACTUALS,Ianova,30
8/30/2020,ACTUALS,Ianova,-3500
8/30/2020,ACTUALS,Ianova,1960
8/30/2020,ACTUALS,Ianova,140
8/30/2020,ACTUALS,Ianova,503
8/30/2020,ACTUALS,Ianova,500
8/30/2020,ACTUALS,Ianova,309.76
8/30/2020,ACTUALS,Smith,190
8/30/2020,ACTUALS,Smith,102.5
8/30/2020,ACTUALS,Smith,102.5
8/30/2020,ACTUALS,Murphy,6600
8/30/2020,ACTUALS,Murphy,375
8/30/2020,ACTUALS,Murphy,5100
8/30/2020,ACTUALS,Murphy,6600
8/30/2020,ACTUALS,Murphy,6600
8/30/2020,ACTUALS,Garcia,-28675
8/30/2020,ACTUALS,Garcia,28675
8/29/2020,ACTUALS,Wang,2321.13
8/29/2020,ACTUALS,Wang,1546.13
8/29/2020,ACTUALS,Garcia,3187
8/29/2020,ACTUALS,Murphy,140
8/29/2020,ACTUALS,Murphy,10
8/29/2020,ACTUALS,Murphy,10
8/29/2020,ACTUALS,Murphy,30
8/29/2020,ACTUALS,Murphy,10
8/29/2020,ACTUALS,Murphy,10
8/29/2020,ACTUALS,Murphy,10
8/29/2020,ACTUALS,Murphy,240
8/29/2020,ACTUALS,Ianova,1595
8/29/2020,ACTUALS,Murphy,35400
8/29/2020,ACTUALS,Smith,631.13
8/29/2020,ACTUALS,Smith,517.48
8/29/2020,ACTUALS,Smith,270
8/29/2020,ACTUALS,Smith,473.48
8/29/2020,ACTUALS,Smith,989.14
8/29/2020,ACTUALS,Smith,712.45
8/29/2020,ACTUALS,Smith,1033.14
8/29/2020,ACTUALS,Smith,727.13
8/29/2020,ACTUALS,Smith,828.45
8/29/2020,ACTUALS,Smith,1772.51
8/29/2020,ACTUALS,Smith,668.45
8/29/2020,ACTUALS,Smith,2550
8/29/2020,ACTUALS,Ianova,1890.92
8/29/2020,ACTUALS,Ianova,1132.43
8/29/2020,ACTUALS,Smith,2190
8/29/2020,ACTUALS,Smith,2695
8/29/2020,ACTUALS,Smith,-800
8/29/2020,ACTUALS,Smith,-2000
8/29/2020,ACTUALS,Smith,2400
8/29/2020,ACTUALS,Murphy,9050
8/29/2020,ACTUALS,Murphy,2400
8/29/2020,ACTUALS,Murphy,560
8/29/2020,ACTUALS,Murphy,260
8/29/2020,ACTUALS,Murphy,20
8/29/2020,ACTUALS,Murphy,240
8/29/2020,ACTUALS,Murphy,120
8/29/2020,ACTUALS,Murphy,10
8/29/2020,ACTUALS,Murphy,10
8/29/2020,ACTUALS,Murphy,446.45
8/28/2020,ACTUALS,Murphy,2762.5
8/28/2020,ACTUALS,Garcia,280
8/28/2020,ACTUALS,Ianova,420
8/28/2020,ACTUALS,Murphy,1611.11
8/28/2020,ACTUALS,Murphy,140
8/28/2020,ACTUALS,Smith,1091.82
8/28/2020,ACTUALS,Smith,1103.14
8/28/2020,ACTUALS,Smith,1173.14
8/28/2020,ACTUALS,Smith,1279.14
8/28/2020,ACTUALS,Smith,-2160
8/28/2020,ACTUALS,Wang,5499.62
8/28/2020,ACTUALS,Wang,1670
8/27/2020,ACTUALS,Smith,849.75
8/27/2020,ACTUALS,Smith,3630
8/27/2020,ACTUALS,Wang,85
8/27/2020,ACTUALS,Wang,16300
8/27/2020,ACTUALS,Wang,2880
8/27/2020,ACTUALS,Murphy,4250
8/27/2020,ACTUALS,Garcia,2434.74
8/27/2020,ACTUALS,Garcia,1305
8/27/2020,ACTUALS,Wang,1470
8/27/2020,ACTUALS,Murphy,140
8/27/2020,ACTUALS,Murphy,887.5
8/27/2020,ACTUALS,Murphy,1800
8/27/2020,ACTUALS,Murphy,3780
8/27/2020,ACTUALS,Murphy,10230.28
8/27/2020,ACTUALS,Smith,1739.83
8/27/2020,ACTUALS,Smith,1257.82
8/27/2020,ACTUALS,Smith,1129.14
8/27/2020,ACTUALS,Smith,3000
8/27/2020,ACTUALS,Smith,4200
8/27/2020,ACTUALS,Wang,500
8/27/2020,ACTUALS,Murphy,-2000
8/27/2020,ACTUALS,Murphy,2000
8/27/2020,ACTUALS,Murphy,3495
8/27/2020,ACTUALS,Murphy,5400
8/27/2020,ACTUALS,Murphy,5400
8/27/2020,ACTUALS,Garcia,320
8/27/2020,ACTUALS,Garcia,4891.3
8/27/2020,ACTUALS,Garcia,4891.3
8/27/2020,ACTUALS,Garcia,480
8/27/2020,ACTUALS,Garcia,6626.55
8/27/2020,ACTUALS,Garcia,5950
8/27/2020,ACTUALS,Garcia,-210
8/24/2020,ACTUALS,Wang,100
8/24/2020,ACTUALS,Wang,272.4
8/24/2020,ACTUALS,Wang,300
8/24/2020,ACTUALS,Wang,7505
8/24/2020,ACTUALS,Wang,1113.75
8/24/2020,ACTUALS,Wang,100
8/24/2020,ACTUALS,Wang,100
8/24/2020,ACTUALS,Wang,300
8/24/2020,ACTUALS,Wang,300
8/24/2020,ACTUALS,Wang,300
8/24/2020,ACTUALS,Wang,100
8/24/2020,ACTUALS,Garcia,1650
8/24/2020,ACTUALS,Wang,465
8/24/2020,ACTUALS,Garcia,100
8/24/2020,ACTUALS,Wang,300
8/24/2020,ACTUALS,Garcia,300
8/24/2020,ACTUALS,Garcia,300
8/24/2020,ACTUALS,Garcia,300
8/24/2020,ACTUALS,Garcia,300
8/24/2020,ACTUALS,Garcia,300
8/24/2020,ACTUALS,Wang,100
8/24/2020,ACTUALS,Garcia,217.78
8/24/2020,ACTUALS,Ianova,100
8/24/2020,ACTUALS,Murphy,300
8/24/2020,ACTUALS,Ianova,275
8/24/2020,ACTUALS,Ianova,560
8/24/2020,ACTUALS,Murphy,100
8/24/2020,ACTUALS,Ianova,150
8/24/2020,ACTUALS,Murphy,100
8/24/2020,ACTUALS,Murphy,100
8/24/2020,ACTUALS,Murphy,237.5
8/24/2020,ACTUALS,Ianova,360
8/24/2020,ACTUALS,Ianova,1827.5
8/24/2020,ACTUALS,Ianova,185
8/24/2020,ACTUALS,Ianova,1475
8/24/2020,ACTUALS,Ianova,150
8/24/2020,ACTUALS,Ianova,100
8/24/2020,ACTUALS,Murphy,12477.23
8/24/2020,ACTUALS,Ianova,150
8/24/2020,ACTUALS,Ianova,600
8/24/2020,ACTUALS,Murphy,41100
8/24/2020,ACTUALS,Smith,100
8/24/2020,ACTUALS,Wang,375
8/24/2020,ACTUALS,Wang,1000
8/24/2020,ACTUALS,Smith,1187.82
8/24/2020,ACTUALS,Smith,1798.51
8/24/2020,ACTUALS,Smith,668.45
8/24/2020,ACTUALS,Smith,633.45
8/24/2020,ACTUALS,Smith,1322.8
8/24/2020,ACTUALS,Smith,1643.83
8/24/2020,ACTUALS,Smith,958.45
8/24/2020,ACTUALS,Smith,1129.14
8/24/2020,ACTUALS,Smith,572.45
8/24/2020,ACTUALS,Smith,458.8
8/24/2020,ACTUALS,Smith,701.13
8/24/2020,ACTUALS,Smith,100
8/24/2020,ACTUALS,Smith,150
8/24/2020,ACTUALS,Ianova,2100
8/24/2020,ACTUALS,Ianova,100
8/24/2020,ACTUALS,Ianova,80
8/24/2020,ACTUALS,Smith,100
8/24/2020,ACTUALS,Smith,100
8/24/2020,ACTUALS,Smith,100
8/24/2020,ACTUALS,Smith,100
8/24/2020,ACTUALS,Smith,100
8/24/2020,ACTUALS,Ianova,8590
8/24/2020,ACTUALS,Smith,1980
8/24/2020,ACTUALS,Smith,205
8/24/2020,ACTUALS,Smith,205
8/24/2020,ACTUALS,Smith,205
8/24/2020,ACTUALS,Smith,102.5
8/24/2020,ACTUALS,Smith,102.5
8/24/2020,ACTUALS,Smith,102.5
8/24/2020,ACTUALS,Smith,2590
8/24/2020,ACTUALS,Smith,2590
8/24/2020,ACTUALS,Smith,100
8/24/2020,ACTUALS,Smith,100
8/24/2020,ACTUALS,Smith,-2312.5
8/24/2020,ACTUALS,Murphy,300
8/24/2020,ACTUALS,Smith,100
8/24/2020,ACTUALS,Ianova,100
8/24/2020,ACTUALS,Smith,300
8/24/2020,ACTUALS,Smith,150
8/24/2020,ACTUALS,Ianova,455
8/24/2020,ACTUALS,Smith,100
8/24/2020,ACTUALS,Smith,300
8/24/2020,ACTUALS,Smith,150
8/24/2020,ACTUALS,Smith,150
8/24/2020,ACTUALS,Smith,300
8/24/2020,ACTUALS,Ianova,1500
8/24/2020,ACTUALS,Wang,4200
8/24/2020,ACTUALS,Wang,100
8/24/2020,ACTUALS,Wang,100
8/24/2020,ACTUALS,Wang,100
8/24/2020,ACTUALS,Wang,100
8/24/2020,ACTUALS,Wang,100
8/24/2020,ACTUALS,Wang,4050
8/24/2020,ACTUALS,Wang,100
8/24/2020,ACTUALS,Wang,3500
8/24/2020,ACTUALS,Wang,100
8/24/2020,ACTUALS,Murphy,125.56
8/24/2020,ACTUALS,Murphy,125.56
8/24/2020,ACTUALS,Murphy,100
8/24/2020,ACTUALS,Murphy,100
8/24/2020,ACTUALS,Murphy,100
8/24/2020,ACTUALS,Murphy,-4250
8/24/2020,ACTUALS,Murphy,4250
8/24/2020,ACTUALS,Murphy,100
8/24/2020,ACTUALS,Murphy,100
8/24/2020,ACTUALS,Murphy,150
8/24/2020,ACTUALS,Murphy,100
8/24/2020,ACTUALS,Murphy,630
8/24/2020,ACTUALS,Murphy,150
8/24/2020,ACTUALS,Murphy,8982
8/24/2020,ACTUALS,Murphy,100
8/24/2020,ACTUALS,Murphy,300
8/24/2020,ACTUALS,Murphy,100
8/24/2020,ACTUALS,Murphy,100
8/24/2020,ACTUALS,Murphy,450
8/24/2020,ACTUALS,Murphy,450
8/24/2020,ACTUALS,Garcia,300
8/24/2020,ACTUALS,Garcia,150
8/24/2020,ACTUALS,Garcia,1200
8/24/2020,ACTUALS,Garcia,360
8/24/2020,ACTUALS,Garcia,360
8/24/2020,ACTUALS,Garcia,360
8/24/2020,ACTUALS,Garcia,360
8/24/2020,ACTUALS,Garcia,360
8/24/2020,ACTUALS,Garcia,360
8/24/2020,ACTUALS,Garcia,360
8/24/2020,ACTUALS,Garcia,360
8/24/2020,ACTUALS,Garcia,360
8/24/2020,ACTUALS,Garcia,360
8/24/2020,ACTUALS,Garcia,360
8/24/2020,ACTUALS,Garcia,360
8/24/2020,ACTUALS,Garcia,360
8/24/2020,ACTUALS,Garcia,360
8/24/2020,ACTUALS,Garcia,360
8/24/2020,ACTUALS,Garcia,360
8/24/2020,ACTUALS,Garcia,360
8/24/2020,ACTUALS,Garcia,360
8/24/2020,ACTUALS,Garcia,360
8/24/2020,ACTUALS,Garcia,360
8/24/2020,ACTUALS,Garcia,360
8/24/2020,ACTUALS,Garcia,360
8/24/2020,ACTUALS,Garcia,360
8/24/2020,ACTUALS,Garcia,360
8/24/2020,ACTUALS,Garcia,360
8/24/2020,ACTUALS,Garcia,360
8/24/2020,ACTUALS,Garcia,360
8/24/2020,ACTUALS,Garcia,360
8/24/2020,ACTUALS,Garcia,360
8/24/2020,ACTUALS,Garcia,360
8/24/2020,ACTUALS,Garcia,360
8/24/2020,ACTUALS,Garcia,360
8/24/2020,ACTUALS,Garcia,360
8/24/2020,ACTUALS,Garcia,360
8/24/2020,ACTUALS,Garcia,360
8/24/2020,ACTUALS,Garcia,360
8/24/2020,ACTUALS,Garcia,360
8/24/2020,ACTUALS,Garcia,360
8/24/2020,ACTUALS,Garcia,360
8/24/2020,ACTUALS,Garcia,360
8/24/2020,ACTUALS,Garcia,360
8/24/2020,ACTUALS,Garcia,360
8/24/2020,ACTUALS,Garcia,360
8/24/2020,ACTUALS,Garcia,360
8/24/2020,ACTUALS,Garcia,360
8/24/2020,ACTUALS,Garcia,648
8/24/2020,ACTUALS,Garcia,648
8/24/2020,ACTUALS,Garcia,648
8/24/2020,ACTUALS,Garcia,648
8/24/2020,ACTUALS,Garcia,648
8/24/2020,ACTUALS,Garcia,648
8/24/2020,ACTUALS,Garcia,648
8/24/2020,ACTUALS,Garcia,648
8/24/2020,ACTUALS,Garcia,648
8/24/2020,ACTUALS,Garcia,735
8/24/2020,ACTUALS,Garcia,840
8/24/2020,ACTUALS,Garcia,210
8/24/2020,ACTUALS,Garcia,150
8/24/2020,ACTUALS,Garcia,75
8/24/2020,ACTUALS,Garcia,75
8/24/2020,ACTUALS,Garcia,95
8/24/2020,ACTUALS,Garcia,133
8/24/2020,ACTUALS,Garcia,114
8/24/2020,ACTUALS,Garcia,19
8/24/2020,ACTUALS,Garcia,100
8/24/2020,ACTUALS,Garcia,100
8/24/2020,ACTUALS,Garcia,100
8/24/2020,ACTUALS,Garcia,100
8/24/2020,ACTUALS,Garcia,8585
8/24/2020,ACTUALS,Garcia,300
8/24/2020,ACTUALS,Garcia,300
8/24/2020,ACTUALS,Garcia,300
8/24/2020,ACTUALS,Garcia,1700
8/24/2020,ACTUALS,Garcia,100
8/24/2020,ACTUALS,Garcia,300
8/23/2020,ACTUALS,Wang,1100
8/23/2020,ACTUALS,Wang,4295
8/23/2020,ACTUALS,Wang,1470
8/23/2020,ACTUALS,Murphy,23237.5
8/23/2020,ACTUALS,Smith,4180
8/23/2020,ACTUALS,Smith,13971.16
8/23/2020,ACTUALS,Smith,1832
8/23/2020,ACTUALS,Smith,2125
8/23/2020,ACTUALS,Ianova,1130
8/23/2020,ACTUALS,Smith,32
8/23/2020,ACTUALS,Smith,112
8/23/2020,ACTUALS,Smith,20
8/23/2020,ACTUALS,Smith,10
8/23/2020,ACTUALS,Smith,10
8/23/2020,ACTUALS,Smith,40
8/23/2020,ACTUALS,Smith,20
8/23/2020,ACTUALS,Smith,40
8/23/2020,ACTUALS,Smith,10
8/23/2020,ACTUALS,Smith,30
8/23/2020,ACTUALS,Smith,670
8/23/2020,ACTUALS,Wang,-1500
8/23/2020,ACTUALS,Murphy,-6400
8/23/2020,ACTUALS,Murphy,-3700
8/23/2020,ACTUALS,Murphy,6400
8/23/2020,ACTUALS,Murphy,3700
8/23/2020,ACTUALS,Murphy,0.4
8/23/2020,ACTUALS,Murphy,24
8/23/2020,ACTUALS,Murphy,4200
8/23/2020,ACTUALS,Murphy,875
8/23/2020,ACTUALS,Murphy,2380
8/23/2020,ACTUALS,Garcia,973.82
8/22/2020,ACTUALS,Smith,50
8/22/2020,ACTUALS,Wang,50
8/22/2020,ACTUALS,Wang,50
8/22/2020,ACTUALS,Wang,50
8/22/2020,ACTUALS,Wang,50
8/22/2020,ACTUALS,Wang,50
8/22/2020,ACTUALS,Wang,50
8/22/2020,ACTUALS,Wang,50
8/22/2020,ACTUALS,Garcia,1528.89
8/22/2020,ACTUALS,Garcia,50
8/22/2020,ACTUALS,Garcia,50
8/22/2020,ACTUALS,Garcia,50
8/22/2020,ACTUALS,Garcia,50
8/22/2020,ACTUALS,Ianova,285
8/22/2020,ACTUALS,Ianova,50
8/22/2020,ACTUALS,Murphy,50
8/22/2020,ACTUALS,Ianova,50
8/22/2020,ACTUALS,Murphy,230
8/22/2020,ACTUALS,Murphy,140
8/22/2020,ACTUALS,Murphy,140
8/22/2020,ACTUALS,Murphy,140
8/22/2020,ACTUALS,Murphy,140
8/22/2020,ACTUALS,Ianova,50
8/22/2020,ACTUALS,Ianova,570
8/22/2020,ACTUALS,Ianova,277.78
8/22/2020,ACTUALS,Ianova,2815
8/22/2020,ACTUALS,Murphy,50
8/22/2020,ACTUALS,Ianova,50
8/22/2020,ACTUALS,Murphy,50
8/22/2020,ACTUALS,Ianova,50
8/22/2020,ACTUALS,Murphy,50
8/22/2020,ACTUALS,Smith,50
8/22/2020,ACTUALS,Smith,50
8/22/2020,ACTUALS,Ianova,50
8/22/2020,ACTUALS,Ianova,50
8/22/2020,ACTUALS,Smith,50
8/22/2020,ACTUALS,Smith,1436.8
8/22/2020,ACTUALS,Smith,1552.51
8/22/2020,ACTUALS,Smith,2116.5
8/22/2020,ACTUALS,Smith,1934.13
8/22/2020,ACTUALS,Smith,1590.18
8/22/2020,ACTUALS,Smith,1280.41
8/22/2020,ACTUALS,Smith,853.45
8/22/2020,ACTUALS,Garcia,50
8/22/2020,ACTUALS,Smith,50
8/22/2020,ACTUALS,Smith,50
8/22/2020,ACTUALS,Smith,190
8/22/2020,ACTUALS,Smith,190
8/22/2020,ACTUALS,Smith,50
8/22/2020,ACTUALS,Ianova,50
8/22/2020,ACTUALS,Ianova,880
8/22/2020,ACTUALS,Ianova,50
8/22/2020,ACTUALS,Smith,50
8/22/2020,ACTUALS,Smith,50
8/22/2020,ACTUALS,Ianova,50
8/22/2020,ACTUALS,Ianova,50
8/22/2020,ACTUALS,Garcia,50
8/22/2020,ACTUALS,Smith,50
8/22/2020,ACTUALS,Wang,50
8/22/2020,ACTUALS,Wang,50
8/22/2020,ACTUALS,Wang,50
8/22/2020,ACTUALS,Murphy,1792.5
8/22/2020,ACTUALS,Murphy,1942.5
8/22/2020,ACTUALS,Murphy,50
8/22/2020,ACTUALS,Murphy,50
8/22/2020,ACTUALS,Murphy,50
8/22/2020,ACTUALS,Murphy,50
8/22/2020,ACTUALS,Murphy,50
8/22/2020,ACTUALS,Murphy,50
8/22/2020,ACTUALS,Murphy,50
8/22/2020,ACTUALS,Murphy,50
8/22/2020,ACTUALS,Murphy,50
8/22/2020,ACTUALS,Murphy,50
8/22/2020,ACTUALS,Murphy,50
8/22/2020,ACTUALS,Murphy,2362.29
8/22/2020,ACTUALS,Murphy,50
8/22/2020,ACTUALS,Murphy,50
8/22/2020,ACTUALS,Murphy,50
8/22/2020,ACTUALS,Murphy,10
8/22/2020,ACTUALS,Murphy,100
8/22/2020,ACTUALS,Murphy,73.33
8/22/2020,ACTUALS,Garcia,50
8/22/2020,ACTUALS,Garcia,50
8/22/2020,ACTUALS,Garcia,50
8/22/2020,ACTUALS,Garcia,50
8/22/2020,ACTUALS,Garcia,237.5
8/22/2020,ACTUALS,Garcia,217.78
8/22/2020,ACTUALS,Garcia,1680
8/22/2020,ACTUALS,Garcia,693
8/21/2020,ACTUALS,Smith,1030.5
8/21/2020,ACTUALS,Smith,21175
8/21/2020,ACTUALS,Wang,544.25
8/21/2020,ACTUALS,Garcia,2831.25
8/21/2020,ACTUALS,Garcia,610
8/21/2020,ACTUALS,Murphy,1110
8/21/2020,ACTUALS,Murphy,9397.58
8/21/2020,ACTUALS,Smith,792.45
8/21/2020,ACTUALS,Smith,642.45
8/21/2020,ACTUALS,Smith,334.77
8/21/2020,ACTUALS,Smith,1117.82
8/21/2020,ACTUALS,Smith,1493.83
8/21/2020,ACTUALS,Smith,572.45
8/21/2020,ACTUALS,Smith,989.14
8/21/2020,ACTUALS,Garcia,2850
8/21/2020,ACTUALS,Smith,4500
8/21/2020,ACTUALS,Smith,80
8/21/2020,ACTUALS,Smith,470
8/21/2020,ACTUALS,Smith,340
8/21/2020,ACTUALS,Smith,400
8/21/2020,ACTUALS,Smith,50
8/21/2020,ACTUALS,Smith,630
8/21/2020,ACTUALS,Wang,818.75
8/21/2020,ACTUALS,Murphy,365.56
8/21/2020,ACTUALS,Murphy,190
8/21/2020,ACTUALS,Murphy,332.5
8/21/2020,ACTUALS,Murphy,5100
8/21/2020,ACTUALS,Murphy,5662.5
8/21/2020,ACTUALS,Garcia,360
8/21/2020,ACTUALS,Garcia,360
8/21/2020,ACTUALS,Garcia,360
8/21/2020,ACTUALS,Garcia,360
8/21/2020,ACTUALS,Garcia,360
8/21/2020,ACTUALS,Garcia,648
8/21/2020,ACTUALS,Garcia,648
8/21/2020,ACTUALS,Garcia,735
8/21/2020,ACTUALS,Garcia,1155
8/21/2020,ACTUALS,Garcia,1050
8/21/2020,ACTUALS,Garcia,75
8/21/2020,ACTUALS,Garcia,75
8/21/2020,ACTUALS,Garcia,75
8/21/2020,ACTUALS,Garcia,209
8/21/2020,ACTUALS,Garcia,114
8/21/2020,ACTUALS,Garcia,171
8/21/2020,ACTUALS,Garcia,152
8/20/2020,ACTUALS,Wang,1101.12
8/20/2020,ACTUALS,Wang,2100
8/20/2020,ACTUALS,Wang,14995
8/20/2020,ACTUALS,Garcia,2450
8/20/2020,ACTUALS,Wang,750
8/20/2020,ACTUALS,Smith,3778.71
8/20/2020,ACTUALS,Smith,1615
8/20/2020,ACTUALS,Smith,2371.38
8/20/2020,ACTUALS,Murphy,0.4
8/20/2020,ACTUALS,Murphy,104
8/20/2020,ACTUALS,Murphy,765
8/20/2020,ACTUALS,Murphy,1200
8/20/2020,ACTUALS,Murphy,3187
8/17/2020,ACTUALS,Wang,625
8/17/2020,ACTUALS,Murphy,995
8/17/2020,ACTUALS,Ianova,1942.5
8/17/2020,ACTUALS,Ianova,1170
8/17/2020,ACTUALS,Ianova,-275
8/17/2020,ACTUALS,Smith,211.32
8/17/2020,ACTUALS,Smith,712.45
8/17/2020,ACTUALS,Ianova,1200
8/17/2020,ACTUALS,Ianova,361.2
8/17/2020,ACTUALS,Smith,4180
8/17/2020,ACTUALS,Smith,102.5
8/17/2020,ACTUALS,Smith,102.5
8/17/2020,ACTUALS,Smith,102.5
8/17/2020,ACTUALS,Smith,102.5
8/17/2020,ACTUALS,Smith,102.5
8/17/2020,ACTUALS,Smith,102.5
8/17/2020,ACTUALS,Smith,102.5
8/17/2020,ACTUALS,Smith,102.5
8/17/2020,ACTUALS,Smith,102.5
8/17/2020,ACTUALS,Smith,102.5
8/17/2020,ACTUALS,Smith,102.5
8/17/2020,ACTUALS,Smith,102.5
8/17/2020,ACTUALS,Smith,102.5
8/17/2020,ACTUALS,Smith,102.5
8/17/2020,ACTUALS,Smith,102.5
8/17/2020,ACTUALS,Smith,102.5
8/17/2020,ACTUALS,Smith,102.5
8/17/2020,ACTUALS,Smith,102.5
8/17/2020,ACTUALS,Smith,2590
8/17/2020,ACTUALS,Smith,2590
8/17/2020,ACTUALS,Smith,2100
8/17/2020,ACTUALS,Murphy,6400
8/17/2020,ACTUALS,Murphy,3700
8/17/2020,ACTUALS,Murphy,4250
8/17/2020,ACTUALS,Garcia,3077
8/17/2020,ACTUALS,Garcia,3077
8/17/2020,ACTUALS,Garcia,360
8/17/2020,ACTUALS,Garcia,360
8/17/2020,ACTUALS,Garcia,360
8/17/2020,ACTUALS,Garcia,360
8/17/2020,ACTUALS,Garcia,360
8/17/2020,ACTUALS,Garcia,360
8/17/2020,ACTUALS,Garcia,360
8/17/2020,ACTUALS,Garcia,360
8/17/2020,ACTUALS,Garcia,360
8/17/2020,ACTUALS,Garcia,360
8/17/2020,ACTUALS,Garcia,360
8/17/2020,ACTUALS,Garcia,360
8/17/2020,ACTUALS,Garcia,360
8/17/2020,ACTUALS,Garcia,360
8/17/2020,ACTUALS,Garcia,360
8/17/2020,ACTUALS,Garcia,360
8/17/2020,ACTUALS,Garcia,360
8/17/2020,ACTUALS,Garcia,360
8/17/2020,ACTUALS,Garcia,360
8/17/2020,ACTUALS,Garcia,360
8/17/2020,ACTUALS,Garcia,648
8/17/2020,ACTUALS,Garcia,648
8/17/2020,ACTUALS,Garcia,648
8/17/2020,ACTUALS,Garcia,630
8/17/2020,ACTUALS,Garcia,315
8/17/2020,ACTUALS,Garcia,75
8/17/2020,ACTUALS,Garcia,76
8/17/2020,ACTUALS,Garcia,38
8/17/2020,ACTUALS,Garcia,95
8/17/2020,ACTUALS,Garcia,19
8/17/2020,ACTUALS,Garcia,133
8/17/2020,ACTUALS,Garcia,171
8/17/2020,ACTUALS,Garcia,19
8/17/2020,ACTUALS,Garcia,95
8/17/2020,ACTUALS,Garcia,19
8/17/2020,ACTUALS,Garcia,19
8/17/2020,ACTUALS,Garcia,19
8/17/2020,ACTUALS,Garcia,38
8/17/2020,ACTUALS,Garcia,133
8/17/2020,ACTUALS,Garcia,38
8/17/2020,ACTUALS,Garcia,19
8/17/2020,ACTUALS,Garcia,209
8/17/2020,ACTUALS,Garcia,190
8/17/2020,ACTUALS,Garcia,171
8/17/2020,ACTUALS,Garcia,95
8/17/2020,ACTUALS,Garcia,38
8/17/2020,ACTUALS,Garcia,100
8/17/2020,ACTUALS,Garcia,100
8/17/2020,ACTUALS,Garcia,100
8/17/2020,ACTUALS,Garcia,100
8/17/2020,ACTUALS,Garcia,100
8/17/2020,ACTUALS,Garcia,100
8/17/2020,ACTUALS,Garcia,100
8/17/2020,ACTUALS,Garcia,100
8/17/2020,ACTUALS,Garcia,100
8/17/2020,ACTUALS,Garcia,100
8/17/2020,ACTUALS,Garcia,100
8/17/2020,ACTUALS,Garcia,100
8/17/2020,ACTUALS,Garcia,100
8/17/2020,ACTUALS,Garcia,100
8/17/2020,ACTUALS,Garcia,100
8/17/2020,ACTUALS,Garcia,100
8/17/2020,ACTUALS,Garcia,100
8/17/2020,ACTUALS,Garcia,100
8/17/2020,ACTUALS,Garcia,100
8/17/2020,ACTUALS,Garcia,100
8/17/2020,ACTUALS,Garcia,4250
8/16/2020,ACTUALS,Garcia,132.22
8/16/2020,ACTUALS,Ianova,525
8/16/2020,ACTUALS,Ianova,4678.8
8/16/2020,ACTUALS,Smith,461.8
8/16/2020,ACTUALS,Smith,717.04
8/16/2020,ACTUALS,Smith,1751.82
8/16/2020,ACTUALS,Smith,1552.51
8/16/2020,ACTUALS,Smith,461.8
8/16/2020,ACTUALS,Smith,461.8
8/16/2020,ACTUALS,Smith,1659.83
8/16/2020,ACTUALS,Smith,631.13
8/16/2020,ACTUALS,Smith,1002.11
8/16/2020,ACTUALS,Garcia,2062.5
8/16/2020,ACTUALS,Smith,340
8/16/2020,ACTUALS,Smith,352
8/16/2020,ACTUALS,Smith,412.5
8/16/2020,ACTUALS,Smith,172.5
8/16/2020,ACTUALS,Smith,120
8/16/2020,ACTUALS,Smith,140
8/16/2020,ACTUALS,Smith,152.67
8/16/2020,ACTUALS,Smith,137.5
8/15/2020,ACTUALS,Wang,2200
8/15/2020,ACTUALS,Wang,3292.5
8/15/2020,ACTUALS,Wang,24000
8/15/2020,ACTUALS,Wang,1300
8/15/2020,ACTUALS,Murphy,2975
8/15/2020,ACTUALS,Ianova,930
8/15/2020,ACTUALS,Ianova,2125
8/15/2020,ACTUALS,Ianova,2125
8/15/2020,ACTUALS,Ianova,2520
8/15/2020,ACTUALS,Smith,1031.61
8/15/2020,ACTUALS,Smith,1161.82
8/15/2020,ACTUALS,Smith,1370.77
8/15/2020,ACTUALS,Smith,598.45
8/15/2020,ACTUALS,Murphy,862.5
8/15/2020,ACTUALS,Garcia,132.22
8/15/2020,ACTUALS,Garcia,10200
8/15/2020,ACTUALS,Garcia,12750
8/15/2020,ACTUALS,Garcia,6120
8/15/2020,ACTUALS,Garcia,5100
8/14/2020,ACTUALS,Wang,800
8/14/2020,ACTUALS,Wang,800
8/14/2020,ACTUALS,Garcia,312.22
8/14/2020,ACTUALS,Smith,1209.14
8/14/2020,ACTUALS,Smith,1033.14
8/14/2020,ACTUALS,Smith,587.13
8/14/2020,ACTUALS,Smith,1209.14
8/14/2020,ACTUALS,Smith,1209.14
8/14/2020,ACTUALS,Smith,631.13
8/14/2020,ACTUALS,Smith,989.14
8/14/2020,ACTUALS,Smith,631.13
8/14/2020,ACTUALS,Ianova,11655
8/14/2020,ACTUALS,Smith,4170
8/14/2020,ACTUALS,Ianova,612.5
8/14/2020,ACTUALS,Ianova,481
8/14/2020,ACTUALS,Ianova,685
8/14/2020,ACTUALS,Ianova,1538.5
8/14/2020,ACTUALS,Ianova,737
8/14/2020,ACTUALS,Ianova,1380.08
8/14/2020,ACTUALS,Ianova,1731.13
8/14/2020,ACTUALS,Ianova,1752.11
8/14/2020,ACTUALS,Ianova,410
8/14/2020,ACTUALS,Murphy,120
8/14/2020,ACTUALS,Murphy,2095
8/14/2020,ACTUALS,Garcia,28675
8/14/2020,ACTUALS,Garcia,722.5
8/13/2020,ACTUALS,Wang,195
8/13/2020,ACTUALS,Wang,9718.75
8/13/2020,ACTUALS,Wang,1980
8/13/2020,ACTUALS,Wang,2520
8/13/2020,ACTUALS,Wang,3600
8/13/2020,ACTUALS,Wang,185
8/13/2020,ACTUALS,Garcia,655.56
8/13/2020,ACTUALS,Ianova,237.5
8/13/2020,ACTUALS,Murphy,140
8/13/2020,ACTUALS,Ianova,455
8/13/2020,ACTUALS,Ianova,1032.5
8/13/2020,ACTUALS,Smith,461.8
8/13/2020,ACTUALS,Smith,1199.14
8/13/2020,ACTUALS,Smith,461.8
8/13/2020,ACTUALS,Smith,1059.14
8/13/2020,ACTUALS,Smith,1059.14
8/13/2020,ACTUALS,Ianova,905
8/13/2020,ACTUALS,Murphy,190
8/13/2020,ACTUALS,Murphy,400
8/13/2020,ACTUALS,Murphy,400
8/10/2020,ACTUALS,Wang,344
8/10/2020,ACTUALS,Garcia,-120
8/10/2020,ACTUALS,Ianova,4930
8/10/2020,ACTUALS,Ianova,4930
8/10/2020,ACTUALS,Ianova,6200
8/10/2020,ACTUALS,Murphy,5018
8/10/2020,ACTUALS,Murphy,375
8/10/2020,ACTUALS,Murphy,2115
8/10/2020,ACTUALS,Smith,331
8/10/2020,ACTUALS,Smith,2125
8/10/2020,ACTUALS,Murphy,2100
8/10/2020,ACTUALS,Wang,11700
8/10/2020,ACTUALS,Wang,10200
8/10/2020,ACTUALS,Murphy,0.4
8/10/2020,ACTUALS,Murphy,400
8/10/2020,ACTUALS,Murphy,350
8/10/2020,ACTUALS,Garcia,5100
8/9/2020,ACTUALS,Smith,2755.5
8/9/2020,ACTUALS,Smith,6655
8/9/2020,ACTUALS,Wang,200
8/9/2020,ACTUALS,Wang,730
8/9/2020,ACTUALS,Wang,20
8/9/2020,ACTUALS,Wang,470
8/9/2020,ACTUALS,Wang,1507
8/9/2020,ACTUALS,Wang,725
8/9/2020,ACTUALS,Wang,275
8/9/2020,ACTUALS,Garcia,1518.75
8/9/2020,ACTUALS,Garcia,747.5
8/9/2020,ACTUALS,Ianova,2100
8/9/2020,ACTUALS,Murphy,140
8/9/2020,ACTUALS,Ianova,300
8/9/2020,ACTUALS,Ianova,342.5
8/9/2020,ACTUALS,Murphy,34200
8/9/2020,ACTUALS,Murphy,1110
8/9/2020,ACTUALS,Murphy,7354.93
8/9/2020,ACTUALS,Smith,221.11
8/9/2020,ACTUALS,Smith,1047.82
8/9/2020,ACTUALS,Smith,783.45
8/9/2020,ACTUALS,Smith,1493.83
8/9/2020,ACTUALS,Smith,1033.14
8/9/2020,ACTUALS,Smith,1552.51
8/9/2020,ACTUALS,Smith,572.45
8/9/2020,ACTUALS,Smith,572.45
8/9/2020,ACTUALS,Smith,517.48
8/9/2020,ACTUALS,Ianova,238
8/9/2020,ACTUALS,Ianova,525
8/9/2020,ACTUALS,Smith,4180
8/9/2020,ACTUALS,Smith,205
8/9/2020,ACTUALS,Smith,205
8/9/2020,ACTUALS,Smith,205
8/9/2020,ACTUALS,Smith,205
8/9/2020,ACTUALS,Smith,205
8/9/2020,ACTUALS,Smith,205
8/9/2020,ACTUALS,Smith,205
8/9/2020,ACTUALS,Smith,205
8/9/2020,ACTUALS,Smith,205
8/9/2020,ACTUALS,Smith,345
8/9/2020,ACTUALS,Smith,2590
8/9/2020,ACTUALS,Ianova,2150
8/9/2020,ACTUALS,Garcia,11573.48
8/9/2020,ACTUALS,Wang,400
8/9/2020,ACTUALS,Murphy,5100
8/9/2020,ACTUALS,Murphy,1192.5
8/9/2020,ACTUALS,Murphy,1668
8/9/2020,ACTUALS,Garcia,360
8/9/2020,ACTUALS,Garcia,360
8/9/2020,ACTUALS,Garcia,360
8/9/2020,ACTUALS,Garcia,360
8/9/2020,ACTUALS,Garcia,360
8/9/2020,ACTUALS,Garcia,360
8/9/2020,ACTUALS,Garcia,360
8/9/2020,ACTUALS,Garcia,360
8/9/2020,ACTUALS,Garcia,360
8/9/2020,ACTUALS,Garcia,360
8/9/2020,ACTUALS,Garcia,360
8/9/2020,ACTUALS,Garcia,360
8/9/2020,ACTUALS,Garcia,360
8/9/2020,ACTUALS,Garcia,360
8/9/2020,ACTUALS,Garcia,360
8/9/2020,ACTUALS,Garcia,360
8/9/2020,ACTUALS,Garcia,360
8/9/2020,ACTUALS,Garcia,360
8/9/2020,ACTUALS,Garcia,360
8/9/2020,ACTUALS,Garcia,360
8/9/2020,ACTUALS,Garcia,360
8/9/2020,ACTUALS,Garcia,360
8/9/2020,ACTUALS,Garcia,360
8/9/2020,ACTUALS,Garcia,360
8/9/2020,ACTUALS,Garcia,360
8/9/2020,ACTUALS,Garcia,648
8/9/2020,ACTUALS,Garcia,648
8/9/2020,ACTUALS,Garcia,525
8/9/2020,ACTUALS,Garcia,1260
8/9/2020,ACTUALS,Garcia,420
8/9/2020,ACTUALS,Garcia,150
8/9/2020,ACTUALS,Garcia,75
8/9/2020,ACTUALS,Garcia,76
8/9/2020,ACTUALS,Garcia,190
8/9/2020,ACTUALS,Garcia,38
8/9/2020,ACTUALS,Garcia,57
8/9/2020,ACTUALS,Garcia,19
8/9/2020,ACTUALS,Garcia,76
8/9/2020,ACTUALS,Garcia,57
8/9/2020,ACTUALS,Garcia,171
8/9/2020,ACTUALS,Garcia,19
8/9/2020,ACTUALS,Garcia,95
8/9/2020,ACTUALS,Garcia,95
8/9/2020,ACTUALS,Garcia,19
8/9/2020,ACTUALS,Garcia,76
8/9/2020,ACTUALS,Garcia,114
8/9/2020,ACTUALS,Garcia,76
8/9/2020,ACTUALS,Garcia,100
8/9/2020,ACTUALS,Garcia,100
8/9/2020,ACTUALS,Garcia,100
8/9/2020,ACTUALS,Garcia,100
8/9/2020,ACTUALS,Garcia,100
8/9/2020,ACTUALS,Garcia,100
8/9/2020,ACTUALS,Garcia,100
8/9/2020,ACTUALS,Garcia,100
8/9/2020,ACTUALS,Garcia,100
8/9/2020,ACTUALS,Garcia,100
8/9/2020,ACTUALS,Garcia,100
8/9/2020,ACTUALS,Garcia,100
8/9/2020,ACTUALS,Garcia,100
8/9/2020,ACTUALS,Garcia,100
8/9/2020,ACTUALS,Garcia,100
8/9/2020,ACTUALS,Garcia,100
8/9/2020,ACTUALS,Garcia,6468.75
8/9/2020,ACTUALS,Garcia,7155
8/8/2020,ACTUALS,Wang,2400
8/8/2020,ACTUALS,Murphy,1155
8/8/2020,ACTUALS,Smith,898.45
8/8/2020,ACTUALS,Smith,598.45
8/8/2020,ACTUALS,Smith,484.8
8/8/2020,ACTUALS,Smith,1091.82
8/8/2020,ACTUALS,Smith,1059.14
8/8/2020,ACTUALS,Smith,-0.19
8/8/2020,ACTUALS,Smith,-2.27
8/8/2020,ACTUALS,Smith,-45
8/8/2020,ACTUALS,Smith,-3.75
8/8/2020,ACTUALS,Smith,-18.75
8/8/2020,ACTUALS,Smith,-146.25
8/8/2020,ACTUALS,Smith,-18.75
8/8/2020,ACTUALS,Smith,-3.75
8/8/2020,ACTUALS,Smith,-216.25
8/8/2020,ACTUALS,Murphy,69.95
8/8/2020,ACTUALS,Garcia,2550
8/8/2020,ACTUALS,Garcia,850
8/7/2020,ACTUALS,Wang,3096.13
8/7/2020,ACTUALS,Wang,2880
8/7/2020,ACTUALS,Wang,6376
8/7/2020,ACTUALS,Garcia,1913
8/7/2020,ACTUALS,Garcia,140
8/7/2020,ACTUALS,Garcia,222.22
8/7/2020,ACTUALS,Smith,461.8
8/7/2020,ACTUALS,Smith,528.45
8/7/2020,ACTUALS,Smith,833.48
8/7/2020,ACTUALS,Smith,1059.14
8/7/2020,ACTUALS,Ianova,2795
8/7/2020,ACTUALS,Smith,2500
8/7/2020,ACTUALS,Murphy,5180
8/7/2020,ACTUALS,Smith,1575
8/7/2020,ACTUALS,Garcia,2190
8/6/2020,ACTUALS,Wang,1100
8/6/2020,ACTUALS,Wang,1100
8/6/2020,ACTUALS,Wang,1100
8/6/2020,ACTUALS,Wang,1560
8/6/2020,ACTUALS,Ianova,4250
8/6/2020,ACTUALS,Ianova,1150
8/6/2020,ACTUALS,Smith,1552.51
8/6/2020,ACTUALS,Smith,494.8
8/6/2020,ACTUALS,Smith,484.8
8/6/2020,ACTUALS,Smith,473.48
8/6/2020,ACTUALS,Smith,535
8/6/2020,ACTUALS,Garcia,2400
8/6/2020,ACTUALS,Murphy,2095
8/6/2020,ACTUALS,Garcia,-360
8/3/2020,ACTUALS,Smith,1336.5
8/3/2020,ACTUALS,Smith,1210
8/3/2020,ACTUALS,Wang,250
8/3/2020,ACTUALS,Wang,892.5
8/3/2020,ACTUALS,Wang,3900
8/3/2020,ACTUALS,Wang,995
8/3/2020,ACTUALS,Garcia,933.75
8/3/2020,ACTUALS,Garcia,1031.25
8/3/2020,ACTUALS,Garcia,2400
8/3/2020,ACTUALS,Murphy,6468.75
8/3/2020,ACTUALS,Ianova,140
8/3/2020,ACTUALS,Ianova,1381
8/3/2020,ACTUALS,Ianova,815
8/3/2020,ACTUALS,Ianova,140
8/3/2020,ACTUALS,Murphy,550
8/3/2020,ACTUALS,Murphy,600
8/3/2020,ACTUALS,Murphy,57000
8/3/2020,ACTUALS,Murphy,1560
8/3/2020,ACTUALS,Murphy,9478.25
8/3/2020,ACTUALS,Wang,3000
8/3/2020,ACTUALS,Smith,1552.51
8/3/2020,ACTUALS,Smith,587.13
8/3/2020,ACTUALS,Smith,165
8/3/2020,ACTUALS,Smith,205
8/3/2020,ACTUALS,Smith,205
8/3/2020,ACTUALS,Smith,205
8/3/2020,ACTUALS,Smith,205
8/3/2020,ACTUALS,Smith,205
8/3/2020,ACTUALS,Smith,205
8/3/2020,ACTUALS,Smith,205
8/3/2020,ACTUALS,Smith,205
8/3/2020,ACTUALS,Ianova,2080
8/3/2020,ACTUALS,Ianova,3500
8/3/2020,ACTUALS,Smith,1920
8/3/2020,ACTUALS,Murphy,36350
8/3/2020,ACTUALS,Murphy,950
8/3/2020,ACTUALS,Garcia,240
8/3/2020,ACTUALS,Garcia,5437.79
8/3/2020,ACTUALS,Garcia,240
8/3/2020,ACTUALS,Garcia,5572.23
8/3/2020,ACTUALS,Garcia,5786.22
8/3/2020,ACTUALS,Garcia,160
8/2/2020,ACTUALS,Wang,2580
8/2/2020,ACTUALS,Garcia,2813
8/2/2020,ACTUALS,Wang,660
8/2/2020,ACTUALS,Murphy,140
8/2/2020,ACTUALS,Murphy,2760
8/2/2020,ACTUALS,Ianova,627.5
8/2/2020,ACTUALS,Ianova,140
8/2/2020,ACTUALS,Smith,431.11
8/2/2020,ACTUALS,Smith,1033.14
8/2/2020,ACTUALS,Smith,1358.14
8/2/2020,ACTUALS,Smith,1243.14
8/2/2020,ACTUALS,Smith,151.11
8/2/2020,ACTUALS,Smith,978.17
8/2/2020,ACTUALS,Smith,851.13
8/2/2020,ACTUALS,Smith,1342
8/2/2020,ACTUALS,Smith,140
8/2/2020,ACTUALS,Ianova,1200
8/2/2020,ACTUALS,Ianova,1200
8/2/2020,ACTUALS,Ianova,1200
8/2/2020,ACTUALS,Ianova,1200
8/2/2020,ACTUALS,Smith,3300
8/2/2020,ACTUALS,Ianova,821
8/2/2020,ACTUALS,Ianova,572.5
8/2/2020,ACTUALS,Smith,190
8/2/2020,ACTUALS,Smith,190
8/2/2020,ACTUALS,Smith,-2100
8/2/2020,ACTUALS,Smith,-370
8/2/2020,ACTUALS,Smith,-210
8/2/2020,ACTUALS,Smith,-478
8/2/2020,ACTUALS,Smith,288
8/2/2020,ACTUALS,Smith,50
8/2/2020,ACTUALS,Smith,190
8/2/2020,ACTUALS,Smith,10
8/2/2020,ACTUALS,Smith,1936.8
8/2/2020,ACTUALS,Wang,120
8/2/2020,ACTUALS,Wang,1500
8/2/2020,ACTUALS,Garcia,360
8/2/2020,ACTUALS,Garcia,360
8/2/2020,ACTUALS,Garcia,360
8/2/2020,ACTUALS,Garcia,360
8/2/2020,ACTUALS,Garcia,360
8/2/2020,ACTUALS,Garcia,360
8/2/2020,ACTUALS,Garcia,360
8/2/2020,ACTUALS,Garcia,360
8/2/2020,ACTUALS,Garcia,360
8/2/2020,ACTUALS,Garcia,360
8/2/2020,ACTUALS,Garcia,360
8/2/2020,ACTUALS,Garcia,360
8/2/2020,ACTUALS,Garcia,360
8/2/2020,ACTUALS,Garcia,360
8/2/2020,ACTUALS,Garcia,360
8/2/2020,ACTUALS,Garcia,360
8/2/2020,ACTUALS,Garcia,360
8/2/2020,ACTUALS,Garcia,360
8/2/2020,ACTUALS,Garcia,360
8/2/2020,ACTUALS,Garcia,360
8/2/2020,ACTUALS,Garcia,360
8/2/2020,ACTUALS,Garcia,360
8/2/2020,ACTUALS,Garcia,360
8/2/2020,ACTUALS,Garcia,360
8/2/2020,ACTUALS,Garcia,360
8/2/2020,ACTUALS,Garcia,360
8/2/2020,ACTUALS,Garcia,360
8/2/2020,ACTUALS,Garcia,360
8/2/2020,ACTUALS,Garcia,360
8/2/2020,ACTUALS,Garcia,360
8/2/2020,ACTUALS,Garcia,360
8/2/2020,ACTUALS,Garcia,360
8/2/2020,ACTUALS,Garcia,360
8/2/2020,ACTUALS,Garcia,360
8/2/2020,ACTUALS,Garcia,360
8/2/2020,ACTUALS,Garcia,360
8/2/2020,ACTUALS,Garcia,360
8/2/2020,ACTUALS,Garcia,360
8/2/2020,ACTUALS,Garcia,360
8/2/2020,ACTUALS,Garcia,360
8/2/2020,ACTUALS,Garcia,360
8/2/2020,ACTUALS,Garcia,525
8/2/2020,ACTUALS,Garcia,630
8/2/2020,ACTUALS,Garcia,630
8/2/2020,ACTUALS,Garcia,150
8/2/2020,ACTUALS,Garcia,75
8/2/2020,ACTUALS,Garcia,75
8/2/2020,ACTUALS,Garcia,57
8/2/2020,ACTUALS,Garcia,95
8/2/2020,ACTUALS,Garcia,76
8/2/2020,ACTUALS,Garcia,171
8/2/2020,ACTUALS,Garcia,19
8/2/2020,ACTUALS,Garcia,114
8/2/2020,ACTUALS,Garcia,100
8/2/2020,ACTUALS,Garcia,100
8/2/2020,ACTUALS,Garcia,100
8/2/2020,ACTUALS,Garcia,100
8/2/2020,ACTUALS,Garcia,100
8/2/2020,ACTUALS,Garcia,2550
8/1/2020,ACTUALS,Wang,999
8/1/2020,ACTUALS,Ianova,2345
8/1/2020,ACTUALS,Murphy,-187.5
8/31/2020,PLAN,,1653423
9/30/2020,PLAN,,2453030
